controller,group,scenario,success,failed,settling_time_s,overshoot_deg,tail_mean_abs_error_deg,final_error_deg,final_rate_deg_s,rmse_deg,torque_effort_nm2_s,peak_torque_nm,saturation_fraction,torque_total_variation_nm,observed_duration_s,cost_integral,episode_return
PD,in_distribution,in_distribution_0,True,False,2.9,0.8425615632216482,3.508785782593501e-06,-3.052225795351012e-06,5.956237278733918e-06,1.9273061477163675,0.17035609775367505,0.9857195540050548,0.0,2.5180950198498033,10.0,0.026650601143012553,-0.026650601143012553
PID,in_distribution,in_distribution_0,True,False,2.92,0.9324007706409397,0.06815228075277624,0.06758099292551434,-0.001129567786177505,1.9291192920609304,0.17136342551872866,0.9860481271897232,0.0,2.5200185398420736,10.0,0.026750368714915273,-0.026750368714915273
PPO_seed7,in_distribution,in_distribution_0,True,False,4.3,0.35398412370914134,0.053075522653228326,-0.05184040511113733,0.0055927675333426125,3.1709686346262416,0.007956641738845124,0.14026297628879547,0.0,0.343667465262115,10.0,0.06307332037856568,-0.06307332037856568
PPO_seed19,in_distribution,in_distribution_0,True,False,5.76,1.1968154834902274,0.38761056993959964,-0.3981001480527404,-0.032627364466824536,2.8070969669309513,0.019966994570637213,0.21351777017116547,0.0,0.5861816365795676,10.0,0.050297492285109005,-0.050297492285109005
PPO_seed42,in_distribution,in_distribution_0,True,False,6.96,1.2697638984866788,0.051531522663276284,0.08291378269866298,0.05525984291514372,3.078998511477114,0.010493622550211997,0.14887215197086334,0.0,0.38802442979067564,10.0,0.05985642048314708,-0.05985642048314708
PPO_seed61,in_distribution,in_distribution_0,True,False,6.42,0.0,0.16057699330537992,-0.15414921992513556,0.008930585331397074,3.755539323781631,0.0032534737913017153,0.09339544177055359,0.0,0.21524493745528162,10.0,0.08794188388687608,-0.08794188388687608
PPO_seed83,in_distribution,in_distribution_0,True,False,5.5200000000000005,2.5062683043107565,0.8581046323219528,0.8439745089247859,-0.029809468439059145,2.8123537616703356,0.02976067515964084,0.27947086095809937,0.0,0.7518300842493773,10.0,0.05116036150540293,-0.05116036150540293
PD,in_distribution,in_distribution_1,True,False,3.88,2.0523966340619832,8.541970750798085e-06,7.544319183489696e-06,-1.4488417174733244e-05,4.7367816914068275,0.9753002472253676,2.0,0.008,5.33127800274527,10.0,0.16038121348256346,-0.16038121348256346
PID,in_distribution,in_distribution_1,True,False,3.9,2.2409186302710142,0.14210636829311496,-0.1409148289695064,0.002353224115507711,4.741221933820826,0.9790203020317755,2.0,0.008,5.33254198423237,10.0,0.1609137152124702,-0.1609137152124702
PPO_seed7,in_distribution,in_distribution_1,True,False,7.46,0.9941892992821422,0.0015401640728100838,-0.0016379264268237168,-0.013402953579490107,7.752690516278698,0.046473686977038416,0.3347190022468567,0.0,0.8232167875394225,10.0,0.37705149017383294,-0.37705149017383294
PPO_seed19,in_distribution,in_distribution_1,True,False,8.52,4.6765084350185315,0.5675240340987917,-0.5414582770868394,0.08367555295733221,6.838613273554743,0.13130891381317678,0.5402147173881531,0.0,1.491853370796889,10.0,0.30012493879303065,-0.30012493879303065
PPO_seed42,in_distribution,in_distribution_1,True,False,7.5,2.6429176645860095,0.26983929206666835,0.1944349110465182,-0.13337196520223418,7.5540020688689875,0.05867349557414807,0.3478202819824219,0.0,0.9109474387951195,10.0,0.3598653468025964,-0.3598653468025964
PPO_seed61,in_distribution,in_distribution_1,True,False,7.62,0.13034525911870498,0.11395026627913861,-0.13034525911870498,-0.022804965904516642,9.084070568948837,0.01951505196787075,0.22589656710624695,0.0,0.5219936040230095,10.0,0.5146613139908788,-0.5146613139908788
PPO_seed83,in_distribution,in_distribution_1,True,False,7.96,2.804942826121531,0.7518273187869364,0.7821984311058978,0.06455319360058716,6.653454681130395,0.13588625768239884,0.5910277366638184,0.0,1.5972736878320575,10.0,0.28334548518344516,-0.28334548518344516
PD,in_distribution,in_distribution_2,True,False,2.88,0.7831591742311552,3.261408894019374e-06,-2.837037360586684e-06,5.536309834621516e-06,1.7914269496994744,0.14718192426081708,0.9162242210365601,0.0,2.3405639450732614,10.0,0.023025220762028776,-0.023025220762028776
PID,in_distribution,in_distribution_2,True,False,2.9,0.8666645257298018,0.06334739946150768,0.0628163886457092,-0.0010499308457395352,1.7931122634968673,0.14805222148396854,0.9165296291102389,0.0,2.3423518527995566,10.0,0.02311141658011275,-0.02311141658011275
PPO_seed7,in_distribution,in_distribution_2,True,False,4.26,0.32632933644165585,0.05196378676752476,-0.05081263808070142,0.0052009289188061,2.9472740092437917,0.006876556133074156,0.13044889271259308,0.0,0.31958351959474385,10.0,0.054487855514498106,-0.054487855514498106
PPO_seed19,in_distribution,in_distribution_2,True,False,5.74,1.0760626556501034,0.39130158027778833,-0.40102552942004976,-0.03022447723638509,2.6130038406344784,0.0171361364674602,0.19787336885929108,0.0,0.5431499473925214,10.0,0.04356730203439494,-0.04356730203439494
PPO_seed42,in_distribution,in_distribution_2,True,False,6.92,1.1893011351838838,0.055985500755683225,0.0851772145210716,0.051397207121683226,2.861513666402714,0.009089222232680275,0.13860195875167847,0.0,0.36120081041008234,10.0,0.05170199846545018,-0.05170199846545018
PPO_seed61,in_distribution,in_distribution_2,True,False,6.32,0.0,0.15962971660596312,-0.15366632619843687,0.008285113511729725,3.492840106045755,0.002807027091869156,0.08678317815065384,0.0,0.1999906306155026,10.0,0.0760681579906129,-0.0760681579906129
PPO_seed83,in_distribution,in_distribution_2,True,False,5.5,2.397179017801379,0.8559276526583048,0.8427125564349699,-0.027873159968562298,2.630032659201494,0.026043902343400666,0.26151183247566223,0.0,0.703422486782074,10.0,0.04475416114713183,-0.04475416114713183
PD,in_distribution,in_distribution_3,True,False,4.24,3.2415567281170503,1.383814482895813e-05,1.3601059724678313e-05,-2.209634064110774e-05,8.153357740823711,1.9870187279024851,2.0,0.026,6.102976779180864,10.0,0.4632689547969531,-0.4632689547969531
PID,in_distribution,in_distribution_3,True,False,4.26,3.4738899542224533,0.1715744910893215,-0.17013126337338957,0.002836965990037237,8.159215070002599,1.9904947609585282,2.0,0.026,6.101763712687101,10.0,0.46433434330367995,-0.46433434330367995
PPO_seed7,in_distribution,in_distribution_3,True,False,8.0,1.576297755762497,0.02446423151619108,0.02090234985646559,-0.020642210516228277,12.668477590743361,0.11527064302523134,0.516497790813446,0.0,1.2785459528677166,10.0,1.0065064230812728,-1.0065064230812728
PPO_seed19,in_distribution,in_distribution_3,True,False,8.8,7.215307828412636,0.6468177659614697,-0.6083128448309328,0.1309796290799417,11.159820768410766,0.3225600790805007,0.8264750838279724,0.0,2.3064362758304924,10.0,0.7978800858798291,-0.7978800858798291
PPO_seed42,in_distribution,in_distribution_3,False,False,,4.3500793344236435,0.37373646910102953,0.2505501238478408,-0.21953104711234162,12.333694496202753,0.14749381000764078,0.5390623807907104,0.0,1.4252305231057107,10.0,0.9590627997253123,-0.9590627997253123
PPO_seed61,in_distribution,in_distribution_3,True,False,8.24,0.1181013372834842,0.09042626445993505,-0.1181013372834842,-0.03857740255373152,14.863625378811248,0.04766564843931509,0.34503450989723206,0.0,0.8012283931020647,10.0,1.3777916911213521,-1.3777916911213521
PPO_seed83,in_distribution,in_distribution_3,True,False,8.28,5.140873193528635,0.7029321974071185,0.7524173315141183,0.10663869283621777,10.808109098990856,0.3525049948824606,0.9337052702903748,0.0,2.545178549364209,10.0,0.7481984137504119,-0.7481984137504119
PD,in_distribution,in_distribution_4,True,False,2.82,0.5955859196676001,2.480273844028656e-06,-2.1575428867256434e-06,4.210316743917235e-06,1.3623650242002632,0.08512227868835145,0.6967807608759824,0.0,1.7799790587089948,10.0,0.013316575852704845,-0.013316575852704845
PID,in_distribution,in_distribution_4,True,False,2.84,0.6590910323010742,0.04817516082075149,0.047771331592304726,-0.0007984635166421318,1.3636466910707732,0.08562561279777317,0.6970130211296077,0.0,1.7813387473935998,10.0,0.013366426977328753,-0.013366426977328753
PPO_seed7,in_distribution,in_distribution_4,True,False,4.16,0.23894623590040268,0.04845107957168909,-0.04756968967864054,0.003958257908231461,2.241544128702841,0.003976410202549202,0.09930695593357086,0.0,0.24321159441024065,10.0,0.03151633584399187,-0.03151633584399187
PPO_seed19,in_distribution,in_distribution_4,True,False,5.62,0.6946250150103861,0.402953006403667,-0.41024495250686627,-0.022622964241600752,2.0036538964270227,0.009603478489711619,0.14827024936676025,0.0,0.4068280151404906,10.0,0.025576067664956598,-0.025576067664956598
PPO_seed42,in_distribution,in_distribution_4,True,False,6.66,0.9352545640951261,0.07001136984368228,0.0922920468381047,0.03921823171239574,2.175483504010125,0.00530989785194039,0.10603944212198257,0.0,0.2762277349829674,10.0,0.029890207931521886,-0.029890207931521886
PPO_seed61,in_distribution,in_distribution_4,True,False,5.92,0.0,0.15665172167453068,-0.15214922546687645,0.006254911417886244,2.66416375149599,0.0016104574862879817,0.06579889357089996,0.0,0.15160139743238688,10.0,0.044252963450858926,-0.044252963450858926
PPO_seed83,in_distribution,in_distribution_4,True,False,5.4,2.0527946531366315,0.8490660568243096,0.8387416574126296,-0.021763684889249634,2.0644922698355477,0.01591787565532134,0.20460225641727448,0.0,0.5501463916152716,10.0,0.02759876177975199,-0.02759876177975199
PD,in_distribution,in_distribution_5,True,False,4.1,2.6454838126759808,1.1071535377242701e-05,1.0298251778696066e-05,-1.850858418292132e-05,6.330835465295229,1.4662852950873353,2.0,0.018,5.716484940620777,10.0,0.28310454777285404,-0.28310454777285404
PID,in_distribution,in_distribution_5,True,False,4.1,2.8534267908696385,0.15447285839382863,-0.153176103265136,0.002555349663896363,6.33609745669233,1.469721894547882,2.0,0.018,5.71657498967871,10.0,0.28387687677492734,-0.28387687677492734
PPO_seed7,in_distribution,in_distribution_5,True,False,7.76,1.277525977286107,0.012498224406887805,0.009226915947517674,-0.017058141053207403,10.120132903127443,0.07664361882906026,0.4254450798034668,0.0,1.0495796860195696,10.0,0.6424060193095714,-0.6424060193095714
PPO_seed19,in_distribution,in_distribution_5,True,False,8.68,5.9112931646351825,0.6059304359982082,-0.5733794787664133,0.10708319967976346,8.918775656181833,0.21513088318124027,0.6842327117919922,0.0,1.8982166721252725,10.0,0.510039782712192,-0.510039782712192
PPO_seed42,in_distribution,in_distribution_5,False,False,,3.4710499785479207,0.31916482626984977,0.2207186676374913,-0.17470088971959297,9.85647736213437,0.09740902995109506,0.44375506043434143,0.0,1.166972029954195,10.0,0.6126051490295595,-0.6126051490295595
PPO_seed61,in_distribution,in_distribution_5,True,False,7.94,0.12465488905878686,0.10296334889380343,-0.12465488905878686,-0.030200189410528093,11.86655450630698,0.03195744469008688,0.2861872911453247,0.0,0.6627277007792145,10.0,0.8782046072346807,-0.8782046072346807
PPO_seed83,in_distribution,in_distribution_5,True,False,8.14,3.9356088706356984,0.7284194518561604,0.7681081683474353,0.08486418796684637,8.654259366994067,0.22965296347487837,0.761953592300415,0.0,2.066895262338221,10.0,0.47964571447259297,-0.47964571447259297
PD,in_distribution,in_distribution_6,True,False,3.7,1.8233222691685735,7.591955095319375e-06,-6.622701027202751e-06,1.2886149285209774e-05,4.177445051605276,0.791760640557874,2.0,0.004,5.182923516285804,10.0,0.1251090238833876,-0.1251090238833876
PID,in_distribution,in_distribution_6,True,False,3.72,2.003485962219558,0.13612510663664426,0.13498395639042432,-0.0022551629138024064,4.18142919295237,0.7954744446651101,2.0,0.004,5.184850060820546,10.0,0.12555270826762951,-0.12555270826762951
PPO_seed7,in_distribution,in_distribution_6,True,False,7.32,0.8087344008252771,0.07135927934042736,-0.06889013530326822,0.011885205504631038,6.884529774294933,0.03653270193121491,0.29742586612701416,0.0,0.7309750949498266,10.0,0.29729923704235567,-0.29729923704235567
PPO_seed19,in_distribution,in_distribution_6,True,False,8.4,3.185974318521018,0.32656278608884626,-0.3491917141330545,-0.07180590537632768,6.051078201587353,0.09651213740594848,0.4649774432182312,0.0,1.2817928856238723,10.0,0.23420698206782858,-0.23420698206782858
PPO_seed42,in_distribution,in_distribution_6,True,False,7.44,2.598559180867698,0.03948708219257633,0.044449814083791755,0.11962162580032262,6.689045066214518,0.04759924301604914,0.31408604979515076,0.0,0.8219294408336282,10.0,0.28235694293780955,-0.28235694293780955
PPO_seed61,in_distribution,in_distribution_6,True,False,7.44,0.0,0.17666805279844672,-0.16238574380515183,0.019860562867194648,8.116799763179277,0.01507924938328244,0.1991252303123474,0.0,0.4598458535037935,10.0,0.4108265654196175,-0.4108265654196175
PPO_seed83,in_distribution,in_distribution_6,True,False,7.92,4.310281817412002,0.8944538339299877,0.8652648104656299,-0.06192576763643338,5.912339112564274,0.12546462945021633,0.5694372057914734,0.0,1.5373356137424707,10.0,0.22540284890764276,-0.22540284890764276
PD,in_distribution,in_distribution_7,True,False,3.0,1.3767280174244363,5.7332827711323244e-06,4.9872732763859765e-06,-9.732367458950526e-06,3.149178039370726,0.4548316714603603,1.610645187911192,0.0,4.114514731847782,10.0,0.07115411554464472,-0.07115411554464472
PID,in_distribution,in_distribution_7,True,False,3.02,1.5235234081902118,0.1113594050088901,-0.11042593261691716,0.0018456901984284983,3.1521406794052997,0.4575211235969677,1.6111820696404957,0.0,4.117657723388137,10.0,0.0714204837702874,-0.0714204837702874
PPO_seed7,in_distribution,in_distribution_7,True,False,6.9,0.6805564569659764,0.011489921671792634,-0.013467981052866588,-0.009139004685262646,5.1776553674472465,0.02132759651578175,0.22872143983840942,0.0,0.5610821323934942,10.0,0.1681976633487573,-0.1681976633487573
PPO_seed19,in_distribution,in_distribution_7,True,False,8.2,3.3111849738751062,0.5253872022119459,-0.5072398151230731,0.0571292498828253,4.579970467102098,0.06123936880558962,0.3721306622028351,0.0,1.0238122757291421,10.0,0.13477141102315907,-0.13477141102315907
PPO_seed42,in_distribution,in_distribution_7,True,False,7.3,1.7306916853292083,0.21742138541332437,0.1671338822298098,-0.0887023007131248,5.048732014581246,0.026676322659114567,0.23643283545970917,0.0,0.6171627631410956,10.0,0.16075240754617706,-0.16075240754617706
PPO_seed61,in_distribution,in_distribution_7,True,False,7.1000000000000005,0.1362005059860917,0.12534626931342463,-0.1362005059860917,-0.015086526374394482,6.05827716289587,0.009031691466372055,0.1549619734287262,0.0,0.35745193203911185,10.0,0.22891907010731485,-0.22891907010731485
PPO_seed83,in_distribution,in_distribution_7,True,False,7.54,1.5631473234701603,0.7770480362239391,0.7970872505563522,0.04238331469335251,4.484948655297953,0.05968630069362167,0.39437174797058105,0.0,1.0625400049611926,10.0,0.1285287547935941,-0.1285287547935941
PD,in_distribution,in_distribution_8,True,False,4.1,2.695745366475642,1.128978414137834e-05,-1.0556949102433102e-05,1.883007808865682e-05,6.475859470805101,1.5081181646370234,2.0,0.018,5.748907014357174,10.0,0.2958764739798868,-0.2958764739798868
PID,in_distribution,in_distribution_8,True,False,4.12,2.9091062877393647,0.15882099041128517,0.1574875933934243,-0.002627494824251116,6.4812177783194445,1.5118071769111083,2.0,0.018,5.748929401131067,10.0,0.29668417326326796,-0.29668417326326796
PPO_seed7,in_distribution,in_distribution_8,True,False,7.78,1.2221065569121659,0.08796058102603846,-0.0847365797741988,0.01722092313741534,10.342715171332411,0.07885093591231399,0.4307926893234253,0.0,1.063320008572191,10.0,0.670886368243765,-0.670886368243765
PPO_seed19,in_distribution,in_distribution_8,True,False,8.68,5.000472109355568,0.2703004543301228,-0.3027873265007866,-0.10648098733680299,9.08255130094291,0.21203815209722726,0.6792749166488647,0.0,1.8843423103680834,10.0,0.527674651201615,-0.527674651201615
PPO_seed42,in_distribution,in_distribution_8,False,False,,3.8190831661927445,0.09551913648846211,0.006401708618933983,0.18013727847106759,10.04809156930738,0.10293320749625055,0.4553773105144501,0.0,1.1988206086680293,10.0,0.6369299782672413,-0.6369299782672413
PPO_seed61,in_distribution,in_distribution_8,True,False,7.96,0.0,0.19261564892616295,-0.17063594994157075,0.030604387465807292,12.17851223871133,0.03245857521582993,0.2879801094532013,0.0,0.6670681494288146,10.0,0.9248738273579471,-0.9248738273579471
PPO_seed83,in_distribution,in_distribution_8,True,False,8.18,5.972722751864767,0.928800325349021,0.8859145747221709,-0.09175242200539342,8.830482391205011,0.26642000296949003,0.820052444934845,0.0,2.225794098339975,10.0,0.5020095991341692,-0.5020095991341692
PD,in_distribution,in_distribution_9,True,False,4.26,3.3682446490693647,1.4484590209251436e-05,1.4371064703088626e-05,-2.2764182005074024e-05,8.571011459089037,2.1022752340914277,2.0,0.028,6.18480734928176,10.0,0.5105130559815991,-0.5105130559815991
PID,in_distribution,in_distribution_9,True,False,4.28,3.6028650327340346,0.1734840622016539,-0.17202392227566066,0.0028681922298902365,8.576942734673928,2.1055999614216785,2.0,0.028,6.183674168559751,10.0,0.5116362966809735,-0.5116362966809735
PPO_seed7,in_distribution,in_distribution_9,True,False,8.040000000000001,1.6420019830337138,0.027087421453356363,0.023502135707439146,-0.021386287322347437,13.236713380823604,0.12461128423190163,0.5358703136444092,0.0,1.3275111331604421,10.0,1.0987826756458368,-1.0987826756458368
PPO_seed19,in_distribution,in_distribution_9,True,False,8.82,7.502293657154192,0.6558614929066338,-0.6161885296785391,0.1361048436509294,11.65972965168545,0.34858454491256696,0.8563140034675598,0.0,2.3931910392129794,10.0,0.8708022905312389,-0.8708022905312389
PPO_seed42,in_distribution,in_distribution_9,False,False,,4.5442891652751545,0.38613532159871733,0.2574419262016947,-0.22958106536393105,12.885894452223306,0.15968470936728113,0.5591357946395874,0.0,1.4802636047825217,10.0,1.046816228403208,-1.046816228403208
PPO_seed61,in_distribution,in_distribution_9,True,False,8.3,0.116569445799544,0.0875136923673356,-0.116569445799544,-0.04051399943963143,15.532389773147159,0.05142431385365065,0.35726138949394226,0.0,0.8301874222233891,10.0,1.5045550616870513,-1.5045550616870513
PPO_seed83,in_distribution,in_distribution_9,True,False,8.3,5.4076791728824345,0.6972033836311562,0.7488368575642943,0.11148062407739874,11.288057869907313,0.3826403441354783,0.9701811075210571,0.0,2.647781878709793,10.0,0.8161150625024675,-0.8161150625024675
PD,in_distribution,in_distribution_10,True,False,3.98,2.2823598198776742,9.51396251975188e-06,-8.550778567251047e-06,1.608054657843322e-05,5.330761776512543,1.163076912516583,2.0,0.012,5.4809296513719055,10.0,0.20228385150556927,-0.20228385150556927
PID,in_distribution,in_distribution_10,True,False,4.0,2.4791593631294906,0.1471737229499774,0.14593926610707805,-0.002436085424214666,5.3355743658840264,1.1667164581499716,2.0,0.012,5.481932208887861,10.0,0.2029073769172411,-0.2029073769172411
PPO_seed7,in_distribution,in_distribution_10,True,False,7.6000000000000005,1.0234395151206066,0.07998704673481108,-0.07707113860259726,0.014714461957931203,8.6688397996795,0.056709326428442584,0.36791014671325684,0.0,0.9061297844164073,10.0,0.4713429983340218,-0.4713429983340218
PPO_seed19,in_distribution,in_distribution_10,True,False,8.56,4.127338398518471,0.2974451470007364,-0.32537260674983615,-0.08996329487342293,7.614731676828957,0.15138221920089354,0.5783554911613464,0.0,1.5990612546447664,10.0,0.37093091830991687,-0.37093091830991687
PPO_seed42,in_distribution,in_distribution_10,True,False,7.5600000000000005,3.2308345800022074,0.06454710393842603,0.02514398744957575,0.1507620371740469,8.422606201615494,0.07390899015528128,0.3887555003166199,0.0,1.0202245134860277,10.0,0.4475973033423078,-0.4475973033423078
PPO_seed61,in_distribution,in_distribution_10,True,False,7.74,0.0,0.18475040180764957,-0.16655458354785674,0.025318253271132615,10.212300911109898,0.02339277546494645,0.24632248282432556,0.0,0.5696624258998781,10.0,0.650339634799127,-0.650339634799127
PPO_seed83,in_distribution,in_distribution_10,True,False,8.08,5.170630946779169,0.9121045777949714,0.8758010576619077,-0.07732772415289563,7.417305089999882,0.19253052756817346,0.7014808654785156,0.0,1.8986403560265899,10.0,0.35443842752951904,-0.35443842752951904
PD,in_distribution,in_distribution_11,True,False,2.82,0.611532270147812,2.5466812500765647e-06,2.2153094220175034e-06,-4.323044705096505e-06,1.398841289740597,0.08974146517891525,0.7154365246438669,0.0,1.827636615713453,10.0,0.014039203914678928,-0.014039203914678928
PID,in_distribution,in_distribution_11,True,False,2.84,0.6767376828553769,0.049465013339959896,-0.049050371897526354,0.0008198417572311195,1.400157272246251,0.09027211286774653,0.7156750034854148,0.0,1.829032709006683,10.0,0.014091760225829222,-0.014091760225829222
PPO_seed7,in_distribution,in_distribution_11,True,False,4.18,0.32430942841272076,0.02581107648106463,-0.02672964876900662,-0.004114317859009365,2.292733995089824,0.0042898947208201135,0.10317862033843994,0.0,0.2526756802108139,10.0,0.0329870803154094,-0.0329870803154094
PPO_seed19,in_distribution,in_distribution_11,True,False,5.68,1.7604631009315261,0.477869695732472,-0.4693651584448235,0.02642490713417986,2.0672922162785565,0.013110495300804537,0.17319069802761078,0.0,0.47527813652413897,10.0,0.027530610497322246,-0.027530610497322246
PPO_seed42,in_distribution,in_distribution_11,True,False,6.66,0.6979080625544318,0.15977446275791152,0.13768085942281702,-0.03889706661266649,2.2421155022285375,0.005225560401746216,0.10520531237125397,0.0,0.27402042876929045,10.0,0.0316908760400549,-0.0316908760400549
PPO_seed61,in_distribution,in_distribution_11,True,False,6.0200000000000005,0.14248312671448043,0.13765378152136823,-0.14248312671448043,-0.00670902161413555,2.669042384273409,0.0018535474120099178,0.07059434056282043,0.0,0.16264981892891228,10.0,0.04443964355021581,-0.04443964355021581
PPO_seed83,in_distribution,in_distribution_11,True,False,5.3,0.16104250842258938,0.805101106030503,0.8133885571852529,0.01747019062438573,2.110313038473768,0.010268703477902217,0.16431677341461182,0.0,0.4418146200478077,10.0,0.028248293263905055,-0.028248293263905055
PD,initial_state_shift,initial_state_shift_0,True,False,4.46,4.193460902608765,2.0028688731315383e-05,-2.0375899235322476e-05,2.4881624313238806e-05,11.754449659121276,2.967975276794719,2.0,0.042,6.720254748460221,10.0,0.9418589747022315,-0.9418589747022315
PID,initial_state_shift,initial_state_shift_0,True,False,4.46,4.450679246167444,0.1873822972713477,0.18579543561449435,-0.0030985887626311277,11.760616406705514,2.9703364098409275,2.0,0.042,6.716466242826014,10.0,0.9433920900803202,-0.9433920900803202
PPO_seed7,initial_state_shift,initial_state_shift_0,True,False,8.34,2.0068902960002157,0.11865588606787751,-0.11741738560530772,0.02359362372140041,17.605402713220723,0.22000434748934258,0.7012128829956055,0.0,1.725748763885349,10.0,1.9431923668337925,-1.9431923668337925
PPO_seed19,initial_state_shift,initial_state_shift_0,True,False,8.98,8.464213345575466,0.16007066573292825,-0.20111785710142702,-0.16283504127869486,15.41330622155708,0.5698601775779593,1.068677544593811,0.0,2.9876323028001934,10.0,1.5169647523837804,-1.5169647523837804
PPO_seed42,initial_state_shift,initial_state_shift_0,False,False,,6.182007497985679,0.265865560029387,-0.09517672790499954,0.31055244052677333,17.115794118984113,0.28250792901472704,0.7255018949508667,0.0,1.9186044009402394,10.0,1.8464376432825684,-1.8464376432825684
PPO_seed61,initial_state_shift,initial_state_shift_0,True,False,8.700000000000001,0.0,0.23659453528366123,-0.19435323097627846,0.0592495049051292,20.766891434107215,0.09610826169384956,0.4774731993675232,0.0,1.0994542059488595,10.0,2.689971742450372,-2.689971742450372
PPO_seed83,initial_state_shift,initial_state_shift_0,False,False,,9.21427938315846,1.0026333834860481,0.9349886570347993,-0.1512938366174534,14.88185611371437,0.7039433391648323,1.2876274585723877,0.0,3.5166184147819877,10.0,1.4215451188380537,-1.4215451188380537
PD,initial_state_shift,initial_state_shift_1,True,False,3.06,1.7283166218080241,7.215533463910193e-06,6.629038686492005e-06,-1.2126655439282663e-05,4.09247992260198,0.8357056342647244,2.0,0.004,5.120970438499758,10.0,0.11976004063463051,-0.11976004063463051
PID,initial_state_shift,initial_state_shift_1,True,False,3.08,1.9086575195884683,0.13714635041850062,-0.13599584719458563,0.0022730300775962425,4.096088378571951,0.8397064309054254,2.0,0.004,5.1234758479713705,10.0,0.12017436654840252,-0.12017436654840252
PPO_seed7,initial_state_shift,initial_state_shift_1,True,False,7.44,0.8537194011096286,0.005022453725765366,-0.005115255824610935,-0.008966414315459293,7.086723621398954,0.05433660478516147,0.3610093891620636,0.0,0.8533007577061653,10.0,0.31526883685544316,-0.31526883685544316
PPO_seed19,initial_state_shift,initial_state_shift_1,True,False,8.52,4.048643936196576,0.5502357857738477,-0.5341541128194109,0.06553026262728495,6.18402795096283,0.1250470977077964,0.5256086587905884,0.0,1.4017996654147282,10.0,0.2450634833820979,-0.2450634833820979
PPO_seed42,initial_state_shift,initial_state_shift_1,True,False,7.6000000000000005,2.2349894271517647,0.2708370231842511,0.20393317005440928,-0.12354812570294138,6.950793425652617,0.06251787375895039,0.35679930448532104,0.0,0.8970357747748494,10.0,0.30465918978587125,-0.30465918978587125
PPO_seed61,initial_state_shift,initial_state_shift_1,True,False,7.66,0.1275467111311945,0.10987144220124799,-0.1275467111311945,-0.02485179454589431,8.34200485466208,0.029332471577364932,0.27580663561820984,0.0,0.6119336297269911,10.0,0.43456132684367804,-0.43456132684367804
PPO_seed83,initial_state_shift,initial_state_shift_1,True,False,7.92,2.2304406847140155,0.7585403166032844,0.7827295547326287,0.05530013812361604,6.021035338755707,0.12794586728293045,0.5711240768432617,0.0,1.4920071372762322,10.0,0.23158344085623153,-0.23158344085623153
PD,initial_state_shift,initial_state_shift_2,True,False,4.2,2.9589037794574318,1.2719472042019034e-05,-1.2615196930956672e-05,2.000534777145942e-05,7.503704451310155,1.864409875694131,2.0,0.026,5.919217526625837,10.0,0.3928914584241511,-0.3928914584241511
PID,initial_state_shift,initial_state_shift_2,True,False,4.22,3.175621470184896,0.16108635513754602,0.15973090899299633,-0.0026643420674071277,7.509078189603554,1.8676677978331144,2.0,0.026,5.918768269078524,10.0,0.3938005253580294,-0.3938005253580294
PPO_seed7,initial_state_shift,initial_state_shift_2,True,False,8.02,1.3585611416673378,0.09278973062077672,-0.09217537013849708,0.015850396783968535,12.089423183930384,0.12975063744312287,0.5490885972976685,0.0,1.3212667496409267,10.0,0.9168174857207676,-0.9168174857207676
PPO_seed19,initial_state_shift,initial_state_shift_2,True,False,8.82,5.588940297903973,0.24962474250440508,-0.2775569242647837,-0.11041678549990587,10.548559747156103,0.3063443630071359,0.8092055916786194,0.0,2.1997815066715702,10.0,0.7107823981018272,-0.7107823981018272
PPO_seed42,initial_state_shift,initial_state_shift_2,False,False,,4.225593621317174,0.14856988827041445,-0.032365786797889644,0.21263673226644708,11.782818560811563,0.15894100845806156,0.5609204173088074,0.0,1.440939604304731,10.0,0.8754788296670081,-0.8754788296670081
PPO_seed61,initial_state_shift,initial_state_shift_2,True,False,8.28,0.0,0.2093559564771503,-0.18013369231217166,0.04102947454539248,14.28390371412138,0.06350743038102766,0.3997408449649811,0.0,0.9003139501437545,10.0,1.2732214935368338,-1.2732214935368338
PPO_seed83,initial_state_shift,initial_state_shift_2,True,False,8.32,6.512999533765639,0.9459576943892901,0.9002886651358247,-0.10268747996591501,10.194929098905995,0.3788168587366889,0.9701049327850342,0.0,2.585938537493348,10.0,0.6678385059812922,-0.6678385059812922
PD,initial_state_shift,initial_state_shift_3,True,False,4.36,4.042321859368185,1.773031844575251e-05,1.7878698015324584e-05,-2.6700883241163406e-05,10.590772483720102,2.597136996396947,2.0,0.034,6.622749973260644,10.0,0.7728910943486667,-0.7728910943486667
PID,initial_state_shift,initial_state_shift_3,True,False,4.38,4.298403006298403,0.18655732900322763,-0.18498441570300633,0.0030823283670512592,10.597273349202759,2.5998487121545852,2.0,0.034,6.619987111740785,10.0,0.7743602066463738,-0.7743602066463738
PPO_seed7,initial_state_shift,initial_state_shift_3,True,False,8.120000000000001,2.011598277884712,0.04196291228831081,0.03512929357376624,-0.028824217608015106,15.64246334580148,0.1375740489442089,0.550052285194397,0.0,1.4129497683607042,10.0,1.5343840090404168,-1.5343840090404168
PPO_seed19,initial_state_shift,initial_state_shift_3,True,False,8.86,9.106111494805278,0.7027881162939579,-0.6484878844245503,0.1719246367468391,13.87484114671073,0.43906938829432596,0.9372003674507141,0.0,2.7051582402782515,10.0,1.2340607877273044,-1.2340607877273044
PPO_seed42,initial_state_shift,initial_state_shift_3,False,False,,5.644046226592605,0.4207032955965967,0.2658368598255102,-0.27046289579148,15.184637960853165,0.19026151957788753,0.5933730006217957,0.0,1.6326349675655365,10.0,1.4543317636904698,-1.4543317636904698
PPO_seed61,initial_state_shift,initial_state_shift_3,True,False,8.4,0.11598076278413834,0.0847758946654709,-0.11598076278413834,-0.04320127115580632,18.290954523088924,0.046152805296947735,0.32548055052757263,0.0,0.7919638003222644,10.0,2.085517316318609,-2.085517316318609
PPO_seed83,initial_state_shift,initial_state_shift_3,True,False,8.34,6.907653921122466,0.6721941279304006,0.7374389780186884,0.13675255510425888,13.43063163237321,0.4920273023433379,1.0784074068069458,0.0,3.0293164625763893,10.0,1.1570477445542044,-1.1570477445542044
PD,initial_state_shift,initial_state_shift_4,True,False,4.6000000000000005,4.852204331084891,2.841224976485656e-05,-2.6238220391431245e-05,2.0378389881147465e-05,15.013197681003307,3.8210729902052125,2.0,0.054,7.147213697155376,10.0,1.5135704302574235,-1.5135704302574235
PID,initial_state_shift,initial_state_shift_4,True,False,4.62,5.1377208360517574,0.20803485209173092,0.2062581988970734,-0.0034488556470860265,15.019479104587402,3.823360072745022,2.0,0.054,7.14316992871749,10.0,1.5155435783683662,-1.5155435783683662
PPO_seed7,initial_state_shift,initial_state_shift_4,True,False,8.6,2.3956979947035104,0.13119659155717123,-0.13593409425801065,0.020861842797247208,22.01299709387771,0.36545947888486413,0.8871748447418213,0.0,2.1559834866784513,10.0,3.0381270829055818,-3.0381270829055818
PPO_seed19,initial_state_shift,initial_state_shift_4,False,False,,10.172360041634631,0.106102322956221,-0.13711908779916546,-0.17510908445836063,19.189384898040057,0.8707648581774112,1.283545970916748,0.0,3.5725417188368738,10.0,2.347688446632876,-2.347688446632876
PPO_seed42,initial_state_shift,initial_state_shift_4,False,False,,7.379548063799973,0.39367204564196795,-0.18515861537122133,0.3916315232764882,21.453651403638215,0.4521876778694982,0.8938895463943481,0.0,2.344215548597276,10.0,2.899722789653138,-2.899722789653138
PPO_seed61,initial_state_shift,initial_state_shift_4,False,False,,0.0,0.27886215052085417,-0.21831820168791335,0.08558804108743397,26.08291650948941,0.17630734486529823,0.6320514678955078,0.0,1.4336498391348869,10.0,4.245771298914097,-4.245771298914097
PPO_seed83,initial_state_shift,initial_state_shift_4,False,False,,10.844194067033472,1.0474923335322812,0.9707698302051102,-0.18164287833644455,18.421598720133478,1.0723341390083736,1.5485705137252808,0.0,4.21143988519907,10.0,2.174135021149716,-2.174135021149716
PD,initial_state_shift,initial_state_shift_5,True,False,4.42,4.105316527028408,1.9025264998812236e-05,1.9425671874980095e-05,-2.5335350035084164e-05,11.276693822687992,2.830728407083192,2.0,0.04,6.66316314321525,10.0,0.8696833255668064,-0.8696833255668064
PID,initial_state_shift,initial_state_shift_5,True,False,4.44,4.3565229390973395,0.18278602005423256,-0.1812401060499898,0.003021310459987098,11.282845556092902,2.832941918392196,2.0,0.04,6.659489282876798,10.0,0.8711489386283088,-0.8711489386283088
PPO_seed7,initial_state_shift,initial_state_shift_5,True,False,8.28,2.0387662100916173,0.04270306199719472,0.039950959189318375,-0.024811106647115017,16.869262695830916,0.19529455384031014,0.6615252494812012,0.0,1.6398814623244107,10.0,1.7842054348377545,-1.7842054348377545
PPO_seed19,initial_state_shift,initial_state_shift_5,True,False,8.96,9.239810323717688,0.7113085570667509,-0.6675050575798552,0.16426354795755604,14.840823014456268,0.5349276910972949,1.0374021530151367,0.0,2.9174037638586015,10.0,1.4088572465557254,-1.4088572465557254
PPO_seed42,initial_state_shift,initial_state_shift_5,False,False,,5.72540348667295,0.4708418551227386,0.3075838784308478,-0.2946046668903958,16.42285511785818,0.25003386365576563,0.6852214336395264,0.0,1.8222400238737464,10.0,1.6997087944122182,-1.6997087944122182
PPO_seed61,initial_state_shift,initial_state_shift_5,True,False,8.620000000000001,0.10495244243236691,0.06590636693136767,-0.10495244243236691,-0.05462385757902699,19.826753294595715,0.08175894090653456,0.44162383675575256,0.0,1.025493594352156,10.0,2.4516532777746365,-2.4516532777746365
PPO_seed83,initial_state_shift,initial_state_shift_5,True,False,8.44,7.03677271061986,0.6602795895819927,0.7244730348694046,0.14143141020647812,14.33226359811065,0.6012575397634631,1.1940299272537231,0.0,3.2743804585188627,10.0,1.3150207815873454,-1.3150207815873454
PD,initial_state_shift,initial_state_shift_6,True,False,2.86,1.0052918850989216,4.272529003287208e-06,-3.10476976745595e-06,7.0561324393177175e-06,2.0838099441609623,0.15433746212835664,0.9125628518358198,0.0,2.4772695328203778,10.0,0.031579438003140434,-0.031579438003140434
PID,initial_state_shift,initial_state_shift_6,True,False,2.88,1.0970949574301154,0.0689978235167476,0.06842047454383146,-0.0011424378212291212,2.0862383261807467,0.1552091567094544,0.9129484463892215,0.0,2.47864825933561,10.0,0.03170675914828206,-0.03170675914828206
PPO_seed7,initial_state_shift,initial_state_shift_6,True,False,5.88,0.49695789453429406,0.05568065179871176,-0.05124695512514802,0.009611877305236488,2.994906059393555,0.0036558900395905424,0.058428652584552765,0.0,0.20314925024285913,10.0,0.05659299612030667,-0.05659299612030667
PPO_seed19,initial_state_shift,initial_state_shift_6,True,False,7.46,1.670832827230459,0.3832228673799328,-0.4035663512732493,-0.04511595737297688,2.745243923041663,0.01537912723610022,0.1596202403306961,0.0,0.5249042643990833,10.0,0.04886852717883741,-0.04886852717883741
PPO_seed42,initial_state_shift,initial_state_shift_6,True,False,6.6000000000000005,1.653222912411559,0.07607180199681317,0.1076567125254026,0.048567268664131406,2.9181364022788494,0.006533482276885669,0.08768049627542496,0.0,0.29566390812397003,10.0,0.05435548391500127,-0.05435548391500127
PPO_seed61,initial_state_shift,initial_state_shift_6,True,False,5.7,0.0,0.15028430364497702,-0.14794161390590843,0.0028954938944282236,3.462173904623149,0.0013709398386670796,0.02428211085498333,0.0,0.048493185080587864,10.0,0.07481021358288177,-0.07481021358288177
PPO_seed83,initial_state_shift,initial_state_shift_6,True,False,7.04,2.8992180907135503,0.8559017679143835,0.8380723115072429,-0.03236793142308881,2.8455322157874705,0.022682306906296322,0.21938146650791168,0.0,0.67678152769804,10.0,0.05312082435882806,-0.05312082435882806
PD,initial_state_shift,initial_state_shift_7,True,False,2.8000000000000003,0.47231158242286103,1.976914591079735e-06,1.8406533636804312e-06,-3.3034483849308957e-06,1.1291719864384875,0.06776544125796338,0.6205090625645311,0.0,1.5474646740079259,10.0,0.009126681021135218,-0.009126681021135218
PID,initial_state_shift,initial_state_shift_7,True,False,2.8000000000000003,0.5263823357026564,0.04119420826848606,-0.04084860006679141,0.0006830909235982537,1.1301017626192578,0.06815805886233586,0.6206923526746836,0.0,1.5487496706359876,10.0,0.009159286148353197,-0.009159286148353197
PPO_seed7,initial_state_shift,initial_state_shift_7,True,False,4.3,0.2646678559071913,0.02842001736122075,-0.028272358171315105,-0.002296906480677625,1.989837955649262,0.0050512382438858625,0.1105557382106781,0.0,0.25777590018697083,10.0,0.024876505751465054,-0.024876505751465054
PPO_seed19,initial_state_shift,initial_state_shift_7,True,False,5.74,1.4919200037070985,0.47045370034497,-0.4660792865055202,0.018805694070459126,1.7731232551368095,0.011814333341522518,0.1624576300382614,0.0,0.4275419020850677,10.0,0.020222597619404807,-0.020222597619404807
PPO_seed42,initial_state_shift,initial_state_shift_7,True,False,6.62,0.526248015076981,0.159443582228859,0.1410551109644143,-0.03439877076694347,1.969359986449727,0.005477731053916567,0.10563945770263672,0.0,0.26139951776713133,10.0,0.02445291452458382,-0.02445291452458382
PPO_seed61,initial_state_shift,initial_state_shift_7,True,False,6.0200000000000005,0.1414988616567476,0.13626618155907919,-0.1414988616567476,-0.007372544917310618,2.3260885375258766,0.0029837787790138216,0.08828241378068924,0.0,0.19375155516900122,10.0,0.03381905586730523,-0.03381905586730523
PPO_seed83,initial_state_shift,initial_state_shift_7,True,False,5.32,0.0,0.8080766599415785,0.8137727862370446,0.0135140985925881,1.8639709328865097,0.009014399587298298,0.15143176913261414,0.0,0.38837074860930443,10.0,0.02197140540096398,-0.02197140540096398
PD,initial_state_shift,initial_state_shift_8,True,False,4.12,2.68220007683082,1.127287729525605e-05,-1.069439640282686e-05,1.864435518166362e-05,6.514733364219478,1.542070001363269,2.0,0.018,5.739704092784196,10.0,0.2989591566257261,-0.2989591566257261
PID,initial_state_shift,initial_state_shift_8,True,False,4.12,2.8989225192979866,0.16229358934274557,0.16093061678648074,-0.002685593562897133,6.520056448700167,1.5460918437657456,2.0,0.018,5.740343980356024,10.0,0.29977621807527466,-0.29977621807527466
PPO_seed7,initial_state_shift,initial_state_shift_8,True,False,7.84,1.2163425671927266,0.0876137943855907,-0.08532848683029487,0.01615606825731456,10.509049191045102,0.08848621467852238,0.4564492702484131,0.0,1.1136942983139306,10.0,0.6926763284849489,-0.6926763284849489
PPO_seed19,initial_state_shift,initial_state_shift_8,True,False,8.700000000000001,4.972975584175261,0.27011437323022974,-0.2999793565488318,-0.10373685185641689,9.204709388978964,0.22507489744413317,0.6998320817947388,0.0,1.9227291973074898,10.0,0.5416467246339892,-0.5416467246339892
PPO_seed42,initial_state_shift,initial_state_shift_8,False,False,,3.8019815995198756,0.10431340559653272,-0.0019180845512766886,0.18371589834971122,10.221696149612281,0.11236397791730701,0.47585681080818176,0.0,1.2384081007912755,10.0,0.6590022340206791,-0.6590022340206791
PPO_seed61,initial_state_shift,initial_state_shift_8,True,False,8.040000000000001,0.0,0.19621470455009676,-0.17277071752771464,0.03275119478875161,12.392620692222128,0.03929759407717133,0.31711825728416443,0.0,0.7249496667645872,10.0,0.9579259951522568,-0.9579259951522568
PPO_seed83,initial_state_shift,initial_state_shift_8,True,False,8.22,5.947291580258573,0.9303650982798453,0.8881926879421345,-0.09180501030039953,8.931790274930789,0.28167093029303675,0.8430466651916504,0.0,2.268861590884626,10.0,0.5132513694730525,-0.5132513694730525
PD,initial_state_shift,initial_state_shift_9,True,False,4.44,4.094081259649697,1.925994207135369e-05,1.9635698716814436e-05,-2.480537336276997e-05,11.354836198923177,2.8641030214750756,2.0,0.04,6.656077463844367,10.0,0.8806464424409511,-0.8806464424409511
PID,initial_state_shift,initial_state_shift_9,True,False,4.44,4.352120333138849,0.18843506101462168,-0.18684082889248713,0.0031160742050894735,11.361032942994994,2.866823680916277,2.0,0.04,6.653286779277972,10.0,0.88214710897416,-0.88214710897416
PPO_seed7,initial_state_shift,initial_state_shift_9,True,False,8.32,2.0344335361695878,0.04223285437866143,0.04055558058625239,-0.02357175863035041,17.054067169424208,0.20996865791287403,0.6861501336097717,0.0,1.6884323875419796,10.0,1.8235948298454663,-1.8235948298454663
PPO_seed19,initial_state_shift,initial_state_shift_9,True,False,8.98,9.217916051727572,0.7112672889489493,-0.6704722730601428,0.16100587594598134,14.976107054510717,0.5551175671441368,1.056774377822876,0.0,2.9539924277924,10.0,1.4341316372219928,-1.4341316372219928
PPO_seed42,initial_state_shift,initial_state_shift_9,False,False,,5.712257319236964,0.4808190853821083,0.31676483114654563,-0.2983701669352057,16.617720530289073,0.2642838784581913,0.7046624422073364,0.0,1.860063868574798,10.0,1.7401179185674487,-1.7401179185674487
PPO_seed61,initial_state_shift,initial_state_shift_9,True,False,8.66,0.10242707272835404,0.061662463765808154,-0.10242707272835404,-0.057147045731791184,20.066582096823844,0.09209744796199301,0.469208300113678,0.0,1.0803921322803944,10.0,2.5117452574126067,-2.5117452574126067
PPO_seed83,initial_state_shift,initial_state_shift_9,True,False,8.46,7.015590996604275,0.6586146033102606,0.7219983220068236,0.14143785545038975,14.454242667798093,0.6237532532800758,1.215682864189148,0.0,3.3153139278292656,10.0,1.337021913646971,-1.337021913646971
PD,initial_state_shift,initial_state_shift_10,True,False,4.48,4.705980483731409,2.195320314136937e-05,-2.2406545943499188e-05,2.8799621232743267e-05,13.071396425884588,3.2307022747040355,2.0,0.042,7.052358444093594,10.0,1.1640053283913299,-1.1640053283913299
PID,initial_state_shift,initial_state_shift_10,True,False,4.48,4.980968718006304,0.19944858390578443,0.19776043045263686,-0.003295674174699219,13.07816059068038,3.2326877156589977,2.0,0.042,7.047788194586027,10.0,1.1658488449211337,-1.1658488449211337
PPO_seed7,initial_state_shift,initial_state_shift_10,True,False,8.28,2.3084553690273193,0.1316438137394809,-0.12436462757396216,0.0333980523921443,18.823501250135557,0.18201735159912602,0.6210939884185791,0.0,1.611247712513432,10.0,2.2212248278266014,-2.2212248278266014
PPO_seed19,initial_state_shift,initial_state_shift_10,False,False,,9.786666001893026,0.12367502050954729,-0.18537540364339777,-0.2006409744899546,16.65122283203224,0.5798408665899405,1.0520145893096924,0.0,3.0760675105266273,10.0,1.7737855603301158,-1.7737855603301158
PPO_seed42,initial_state_shift,initial_state_shift_10,False,False,,7.10754127418015,0.25959158869849375,-0.07113304504194513,0.3299058773320545,18.22922660938899,0.2620461097779205,0.6779500246047974,0.0,1.8929822612553835,10.0,2.0961614342773935,-2.0961614342773935
PPO_seed61,initial_state_shift,initial_state_shift_10,True,False,8.620000000000001,0.0,0.22428544226217692,-0.1862124965773348,0.05276224646925928,22.059626292822717,0.05836052276337126,0.35499030351638794,0.0,0.8745728400535882,10.0,3.0330528451013197,-3.0330528451013197
PPO_seed83,initial_state_shift,initial_state_shift_10,False,False,,10.475134285142776,1.017124859008274,0.9361806936312531,-0.1712241132951728,16.150538899571337,0.7250879778130224,1.2833338975906372,0.0,3.6428681118413806,10.0,1.6776001944349237,-1.6776001944349237
PD,initial_state_shift,initial_state_shift_11,True,False,4.58,4.581532464089335,2.620077596257943e-05,2.4564003465868706e-05,-2.023418716181568e-05,13.991492020368955,3.599497751484039,2.0,0.052,6.972377973245988,10.0,1.3181251595856658,-1.3181251595856658
PID,initial_state_shift,initial_state_shift_11,True,False,4.6000000000000005,4.859859911084561,0.20242626749778317,-0.20069992055102798,0.003355244884412045,13.997615035299349,3.602072163612611,2.0,0.052,6.9683943772115216,10.0,1.3199321677909361,-1.3199321677909361
PPO_seed7,initial_state_shift,initial_state_shift_11,True,False,8.58,2.3282501490178666,0.05041576279553409,0.05585669295380472,-0.01846430534751314,20.81558325684548,0.36465460068005934,0.8887368440628052,0.0,2.13781075226143,10.0,2.7176731861761034,-2.7176731861761034
PPO_seed19,initial_state_shift,initial_state_shift_11,False,False,,10.472676340135346,0.750794266210926,-0.7253544651225262,0.1613714171701153,18.15263544281652,0.838890501091946,1.2668895721435547,0.0,3.488616009010002,10.0,2.1030698242307153,-2.1030698242307153
PPO_seed42,initial_state_shift,initial_state_shift_11,False,False,,6.599206484876553,0.6004824456490688,0.40684205062353573,-0.36735131023761913,20.373677221043597,0.4332629247397292,0.8812301754951477,0.0,2.2794469511136413,10.0,2.61506787906966,-2.61506787906966
PPO_seed61,initial_state_shift,initial_state_shift_11,False,False,,0.07820584448216107,0.03895681421938877,-0.07820584448216107,-0.08310349556541201,24.639395171611675,0.18699637375778655,0.6557946801185608,0.0,1.473008695524186,10.0,3.790336228762981,-3.790336228762981
PPO_seed83,initial_state_shift,initial_state_shift_11,True,False,8.620000000000001,8.195726028930633,0.6215647234079108,0.6895250643785921,0.16365123789866912,17.43083663080126,0.9539954007594712,1.4682492017745972,0.0,3.947443704120815,10.0,1.9417027897940398,-1.9417027897940398
PD,low_inertia,low_inertia_0,True,False,1.54,0.020965379675574526,1.6114062848164685e-12,3.1786466642837457e-13,-1.276294609381319e-12,1.1649018442990764,0.050234709409559965,0.74504601720075,0.0,1.7119363576681785,10.0,0.009845636303988313,-0.009845636303988313
PID,low_inertia,low_inertia_0,True,False,1.56,0.07365303648711853,0.04681838470755202,0.046426080899642404,-0.0007801749210023059,1.1637130639846576,0.05038188818837921,0.7452603979670198,0.0,1.7120852645552598,10.0,0.009847597366351974,-0.009847597366351974
PPO_seed7,low_inertia,low_inertia_0,True,False,4.22,0.0,0.03784328751011961,-0.03761070703444228,0.00030432836153236603,2.0689259944132488,0.0038426483528555032,0.13444800674915314,0.0,0.2952960499096662,10.0,0.026878113256797537,-0.026878113256797537
PPO_seed19,low_inertia,low_inertia_0,True,False,3.84,0.0,0.4373917989161065,-0.43752362459951416,-0.0001144410085482738,1.7896358706763753,0.00688361487113452,0.1746889054775238,0.0,0.4128843914659228,10.0,0.02044458587498771,-0.02044458587498771
PPO_seed42,low_inertia,low_inertia_0,True,False,3.4,0.22254537702319452,0.11461615730570401,0.11489037804043253,0.0003691980831734614,1.947536913242677,0.004402850981778707,0.1342473179101944,0.0,0.3059022417291999,10.0,0.024003084227384123,-0.024003084227384123
PPO_seed61,low_inertia,low_inertia_0,True,False,6.18,0.0,0.22711680355477248,-0.20911674514063727,0.030296283446958467,2.5459421858087503,0.0022755661575875564,0.10638634115457535,0.0,0.22444775444455445,10.0,0.04045272824212084,-0.04045272824212084
PPO_seed83,low_inertia,low_inertia_0,True,False,3.66,1.1240458678007719,0.8247025379650921,0.8246582931499157,-2.5332853191775843e-05,1.7567214707001737,0.010703900211661836,0.23421384394168854,0.0,0.5498893447220325,10.0,0.0201362864292499,-0.0201362864292499
PD,low_inertia,low_inertia_1,True,False,1.72,0.11149903822961064,8.30018195469912e-12,-1.5400775837214013e-12,6.320075880757461e-12,5.998676437210549,0.7274599833264463,2.0,0.008,5.179685780462956,10.0,0.2595502607467472,-0.2595502607467472
PID,low_inertia,low_inertia_1,True,False,1.74,0.33641629759702507,0.20047325415973716,-0.1987934349704187,0.003340657868649178,5.995027226486682,0.7283420557224669,2.0,0.008,5.1762819479670155,10.0,0.25965636205148884,-0.25965636205148884
PPO_seed7,low_inertia,low_inertia_1,True,False,5.5,0.03630944284331678,0.03540042113619863,-0.03630944284331678,-0.001189008282839079,9.503366039769281,0.02110240424119506,0.29963254928588867,0.0,0.7388547444716096,10.0,0.5668962112337419,-0.5668962112337419
PPO_seed19,low_inertia,low_inertia_1,True,False,4.68,2.3108168195476515,0.4377601506439243,-0.4372226279893879,0.00035090222174220673,7.889684862927798,0.08843511413379755,0.6038141250610352,0.0,1.5709107849688735,10.0,0.4039540320814821,-0.4039540320814821
PPO_seed42,low_inertia,low_inertia_1,True,False,5.4,0.4579922674417078,0.11660242650239812,0.11553752677539776,-0.001319903522204066,8.863098914500862,0.033247511607397036,0.3506474792957306,0.0,0.8963098665699363,10.0,0.4972745028069854,-0.4972745028069854
PPO_seed61,low_inertia,low_inertia_1,False,False,,0.0,0.21028143387893844,0.1294106012937438,-0.13611531002954072,11.49430642237584,0.004486091493071494,0.1281445324420929,0.0,0.3192854141816497,10.0,0.8231282364023108,-0.8231282364023108
PPO_seed83,low_inertia,low_inertia_1,True,False,4.44,0.580867969176311,0.8246480195585384,0.8247837981931102,3.815472984723174e-05,7.836368591536812,0.09508069856779072,0.6751005053520203,0.0,1.7242074236273766,10.0,0.39727703408845194,-0.39727703408845194
PD,low_inertia,low_inertia_2,True,False,1.7,0.05925957029129559,4.572232237236101e-12,9.089132626916272e-13,-3.6396657671726136e-12,3.3058576292321846,0.40411318834016935,2.0,0.002,4.6271244965864105,10.0,0.07921627419238791,-0.07921627419238791
PID,low_inertia,low_inertia_2,True,False,1.7,0.20330976845955565,0.1280549311548544,0.12698192452653917,-0.0021338892067501933,3.3027954028516318,0.40508990150378765,2.0,0.002,4.626106060066308,10.0,0.07923561982963648,-0.07923561982963648
PPO_seed7,low_inertia,low_inertia_2,True,False,5.22,0.0,0.038792104289417206,-0.03811629895809814,0.0008842990485111482,5.893542409574259,0.03176390483546684,0.3843840956687927,0.0,0.8433614142704755,10.0,0.21815377973565897,-0.21815377973565897
PPO_seed19,low_inertia,low_inertia_2,True,False,4.6000000000000005,0.5179424485133562,0.43718098602425853,-0.43758046408199197,-0.0003512907767734278,4.9192432513978,0.06008400385155688,0.5115208029747009,0.0,1.2107607659127098,10.0,0.15532206165064516,-0.15532206165064516
PPO_seed42,low_inertia,low_inertia_2,True,False,3.72,0.4190665742790309,0.1137672695525044,0.11455283282548472,0.0010614143914304056,5.587200752793972,0.035447273837264384,0.3774138391017914,0.0,0.8596234805881977,10.0,0.19740672343692456,-0.19740672343692456
PPO_seed61,low_inertia,low_inertia_2,True,False,8.34,0.0,0.3792750908730109,-0.32688080625225213,0.08818597502361344,7.183686250357331,0.01934358311759264,0.3075655400753021,0.0,0.6484233422670513,10.0,0.322172250906146,-0.322172250906146
PPO_seed83,low_inertia,low_inertia_2,True,False,4.36,1.6137952782434721,0.8247478424267859,0.8246268951668612,-7.191356147021941e-05,4.702226463998418,0.07641807297976806,0.6199290156364441,0.0,1.4529508231207728,10.0,0.14350525734562883,-0.14350525734562883
PD,low_inertia,low_inertia_3,True,False,2.44,0.17596713291541047,1.4497518727572381e-11,-3.402429091142672e-12,1.290040544711377e-11,10.717481821557051,1.4929377700914426,2.0,0.022,5.862160309061316,10.0,0.8029457917216488,-0.8029457917216488
PID,low_inertia,low_inertia_3,True,False,2.44,0.4865947341578355,0.2778613841442728,-0.2755331090477138,0.004630242692732397,10.713865705933939,1.49279238831335,2.0,0.022,5.855028117646896,10.0,0.803215185381806,-0.803215185381806
PPO_seed7,low_inertia,low_inertia_3,True,False,6.04,0.035451134669831116,0.033789213130444466,-0.035451134669831116,-0.002173942027596339,16.343540237150673,0.07202836656297659,0.553864598274231,0.0,1.327196984551847,10.0,1.6749552754599024,-1.6749552754599024
PPO_seed19,low_inertia,low_inertia_3,True,False,4.88,3.5052654891092447,0.438130113228486,-0.4371005948332781,0.0007722482647737576,13.595282071266443,0.25178062989276667,0.9870371222496033,0.0,2.551749623933574,10.0,1.1928430411670377,-1.1928430411670377
PPO_seed42,low_inertia,low_inertia_3,True,False,5.96,0.8548592374433855,0.11798648505047993,0.11602934072244847,-0.0024770017899477465,15.275323196616966,0.10591676648709418,0.6124311685562134,0.0,1.5409612050279975,10.0,1.4744625070816115,-1.4744625070816115
PPO_seed61,low_inertia,low_inertia_3,False,False,,0.0,0.4815662930206361,0.3393731637116361,-0.23932799724287115,19.78427554370315,0.020373544242403924,0.28983044624328613,0.0,0.675438906531781,10.0,2.438492142646442,-2.438492142646442
PPO_seed83,low_inertia,low_inertia_3,True,False,4.66,1.5713225678949878,0.8245883981187084,0.8248542016347902,0.00010193356635247033,13.333025471335898,0.28889852911699254,1.1492887735366821,0.0,2.911525011062622,10.0,1.1477968564485448,-1.1477968564485448
PD,low_inertia,low_inertia_4,True,False,2.42,0.1641002481688914,1.3860206827093769e-11,3.5943020869532455e-12,-1.322540234096388e-11,10.393192759914156,1.5491754078426232,2.0,0.026,5.736126894864846,10.0,0.7503061613564173,-0.7503061613564173
PID,low_inertia,low_inertia_4,True,False,2.44,0.44885455896265813,0.2550065506851956,0.2528697823712106,-0.00424939299109774,10.390079664426215,1.5488657699081048,2.0,0.026,5.729609857718797,10.0,0.7505386172650962,-0.7505386172650962
PPO_seed7,low_inertia,low_inertia_4,True,False,6.1000000000000005,0.0,0.041207448956904646,-0.03940303699308529,0.002360774045787624,16.229644209518884,0.12520764349418834,0.7464529275894165,0.0,1.695645879022777,10.0,1.6514901889216862,-1.6514901889216862
PPO_seed19,low_inertia,low_inertia_4,True,False,4.94,2.357996865855568,0.4366795011005865,-0.43778130498552,-0.0009314777860755676,13.488298699677157,0.30851101725081725,1.1097548007965088,0.0,2.7481228527904022,10.0,1.1682074430889942,-1.1682074430889942
PPO_seed42,low_inertia,low_inertia_4,True,False,6.04,1.0250405254136326,0.11172740058989211,0.1138396687040334,0.002772473836586706,15.254306520331989,0.15726056257739743,0.762971818447113,0.0,1.8206073883920908,10.0,1.4691815937632922,-1.4691815937632922
PPO_seed61,low_inertia,low_inertia_4,False,False,,0.0,0.7874715880267403,-0.6428079549961644,0.24348683772749977,19.731503632218566,0.05812344823264485,0.5121555328369141,0.0,1.1125463326461613,10.0,2.427115432651701,-2.427115432651701
PPO_seed83,low_inertia,low_inertia_4,True,False,4.72,3.1158490272733426,0.8248302729615298,0.824519795096171,-0.00016090991781533585,12.988310328404301,0.3822287732153443,1.334813117980957,0.0,3.256368987262249,10.0,1.0905610256139378,-1.0905610256139378
PD,low_inertia,low_inertia_5,True,False,1.58,0.030183957864781803,2.264677018095498e-12,-4.262872908942632e-13,1.7403029148283876e-12,1.6359333015668294,0.08366409219643595,0.9621774013283589,0.0,2.2437765286949958,10.0,0.01943829131805258,-0.01943829131805258
PID,low_inertia,low_inertia_5,True,False,1.6,0.10349533007149439,0.0651502747386218,-0.06460436310521897,0.0010856549358448967,1.6343338848656466,0.08391633066743426,0.9624871160188228,0.0,2.24387855174481,10.0,0.01944340009737234,-0.01944340009737234
PPO_seed7,low_inertia,low_inertia_5,True,False,4.46,0.03700858153143871,0.036713187616268864,-0.03700858153143871,-0.00038646901162167147,2.774019088269556,0.004471098185490267,0.1463649570941925,0.0,0.3304956352803856,10.0,0.048291230100391866,-0.048291230100391866
PPO_seed19,low_inertia,low_inertia_5,True,False,4.16,0.9529036991313748,0.43761107520433634,-0.437430086538712,0.00014070519894621793,2.3027803495031853,0.012109302775005371,0.23378828167915344,0.0,0.5693449460959528,10.0,0.034395110389902346,-0.034395110389902346
PPO_seed42,low_inertia,low_inertia_5,True,False,3.42,0.03200953095185786,0.11559874400431347,0.11526117892612314,-0.00044171723787521806,2.637095178851055,0.005285150179474639,0.1486140638589859,0.0,0.34849530551582575,10.0,0.043899472455236566,-0.043899472455236566
PPO_seed61,low_inertia,low_inertia_5,True,False,6.82,0.06300658417202618,0.03833352517491789,-0.06300658417202618,-0.04152773781678638,3.3380206026413695,0.002145490472345689,0.10406162589788437,0.0,0.22523002745583653,10.0,0.06947840959436309,-0.06947840959436309
PPO_seed83,low_inertia,low_inertia_5,True,False,3.74,0.0,0.8246581363965904,0.82470225009246,2.1443225827614636e-05,2.4404344627573975,0.010563192841258503,0.23387499153614044,0.0,0.5608624368906021,10.0,0.037968491038809116,-0.037968491038809116
PD,low_inertia,low_inertia_6,True,False,1.6600000000000001,0.05531185076321185,4.127132716161332e-12,7.69079790291581e-13,-3.1511808461792095e-12,2.9809529968637047,0.2678704799005013,1.7211330817772572,0.0,4.027515553651914,10.0,0.06457095988592967,-0.06457095988592967
PID,low_inertia,low_inertia_6,True,False,1.68,0.18861178776806858,0.11848251576615736,0.1174897189748544,-0.0019743758344556717,2.978065614029391,0.26868124390215725,1.7217007111098996,0.0,4.027725565395548,10.0,0.06458879528584703,-0.06458879528584703
PPO_seed7,low_inertia,low_inertia_6,True,False,4.98,0.0,0.03847000075938326,-0.03794454670143545,0.0006874440991027112,5.0419032422958105,0.012672651484667126,0.2458665519952774,0.0,0.5600579215679318,10.0,0.1594578790164775,-0.1594578790164775
PPO_seed19,low_inertia,low_inertia_6,True,False,4.46,0.43981401163398454,0.4373026703591884,-0.43760280615880986,-0.0002286608930199174,4.21529760145552,0.03215221298759337,0.37927156686782837,0.0,0.9310580774617847,10.0,0.1142071326890954,-0.1142071326890954
PPO_seed42,low_inertia,low_inertia_6,True,False,3.56,0.392714128526827,0.11411011982354047,0.11472686130668472,0.000800185976308338,4.719412620070652,0.01628611347332527,0.25965580344200134,0.0,0.6151770753785968,10.0,0.14081296787688807,-0.14081296787688807
PPO_seed61,low_inertia,low_inertia_6,True,False,7.96,0.0,0.33951250115070547,-0.29610624166746413,0.07305802772777842,6.154354673573622,0.005433599107369915,0.1647823452949524,0.0,0.35987778357230127,10.0,0.23605427345058042,-0.23605427345058042
PPO_seed83,low_inertia,low_inertia_6,True,False,4.24,1.5551528746242067,0.8247159195808471,0.824625921619009,-4.106494499646155e-05,4.070979269786832,0.042989461793438294,0.47007426619529724,0.0,1.1376523720100522,10.0,0.10789883184441704,-0.10789883184441704
PD,low_inertia,low_inertia_7,True,False,2.44,0.1697431911059924,1.4291664288782293e-11,-3.639902066614712e-12,1.3463906854234508e-11,10.692581303148874,1.5639203678108098,2.0,0.024,5.796733192501002,10.0,0.7945918576016546,-0.7945918576016546
PID,low_inertia,low_inertia_7,True,False,2.46,0.4753675960323911,0.2733301181974612,-0.27103981179471365,0.004554734320439049,10.689024722324932,1.5640220996966512,2.0,0.024,5.789693307338307,10.0,0.7948417774344508,-0.7948417774344508
PPO_seed7,low_inertia,low_inertia_7,True,False,6.1000000000000005,0.035299581215137786,0.03350524140428692,-0.035299581215137786,-0.002347460631709819,16.53112703755272,0.11208157150798703,0.704035758972168,0.0,1.6187278705183417,10.0,1.7133264763451672,-1.7133264763451672
PPO_seed19,low_inertia,low_inertia_7,True,False,4.94,3.3748969423898822,0.43829406010082933,-0.4371728269578471,0.0009267159449142069,13.723448246091262,0.3050166542803325,1.0986837148666382,0.0,2.752518956636777,10.0,1.2122123925801427,-1.2122123925801427
PPO_seed42,low_inertia,low_inertia_7,True,False,6.0200000000000005,0.8071657299109605,0.11835383781919957,0.11625706912655537,-0.0027368118300915055,15.55962859575354,0.1439798438903646,0.7278355360031128,0.0,1.7579678390175104,10.0,1.52814177138734,-1.52814177138734
PPO_seed61,low_inertia,low_inertia_7,False,False,,0.0,0.5035844281977591,0.3564142275188256,-0.24770499352371264,20.037241255229755,0.04686751432466718,0.4579482972621918,0.0,1.0076506903860718,10.0,2.5023589227185616,-2.5023589227185616
PPO_seed83,low_inertia,low_inertia_7,True,False,4.72,1.4615060154737571,0.8245410622883316,0.8248387051669631,0.00014652798204785325,13.418315954102319,0.3479963973825763,1.2715948820114136,0.0,3.1308939661830664,10.0,1.1594896898414269,-1.1594896898414269
PD,low_inertia,low_inertia_8,True,False,1.8,0.11208481730023473,9.069147386834911e-12,2.0162477197002598e-12,-7.776914973662623e-12,6.6106243112723675,0.9966587599134584,2.0,0.016,5.186182947495414,10.0,0.3095962352002319,-0.3095962352002319
PID,low_inertia,low_inertia_8,True,False,1.8,0.3310805346843979,0.19546840906274784,0.1938305268134357,-0.003257257841517436,6.607529838513797,0.9972691179766494,2.0,0.016,5.182310251179087,10.0,0.30970397417910184,-0.30970397417910184
PPO_seed7,low_inertia,low_inertia_8,True,False,5.76,0.0,0.04001990821544827,-0.038770468699091155,0.0016348250071700227,11.017277273790851,0.08474531318488909,0.623598575592041,0.0,1.3858470695558935,10.0,0.7616867531337707,-0.7616867531337707
PPO_seed19,low_inertia,low_inertia_8,True,False,4.84,1.4005145075608048,0.4369213118473761,-0.437670709450229,-0.0006482054100486692,9.151966676497427,0.1790293479083515,0.869223952293396,0.0,2.0942555270448793,10.0,0.5379023995068304,-0.5379023995068304
PPO_seed42,low_inertia,low_inertia_8,True,False,5.7,0.7007889259397864,0.11270563508090356,0.11415810801748284,0.0019404604978782473,10.412595064837229,0.09854463892296815,0.6206830739974976,0.0,1.4384245723485947,10.0,0.6849733816821565,-0.6849733816821565
PPO_seed61,low_inertia,low_inertia_8,False,False,,0.0,0.5819390144451855,-0.4837342006187402,0.16529077963774555,13.40051078142265,0.04697082134781673,0.4721520245075226,0.0,1.005674782441929,10.0,1.1203022055911462,-1.1203022055911462
PPO_seed83,low_inertia,low_inertia_8,True,False,4.62,2.3162794975465473,0.8247968091997736,0.8245786713622322,-0.00012348286387736947,8.790702507520846,0.22020248482194935,1.0372843742370605,0.0,2.469248402863741,10.0,0.5001073146758368,-0.5001073146758368
PD,low_inertia,low_inertia_9,True,False,1.6,0.024875232792262024,1.975908226934822e-12,-4.187758868973117e-13,1.640788744745419e-12,1.4309902804527614,0.09792713342350094,1.0340851852845252,0.0,2.331453753838995,10.0,0.014891341664921521,-0.014891341664921521
PID,low_inertia,low_inertia_9,True,False,1.62,0.0905446848114502,0.05832907267597174,-0.057840317725074204,0.0009719873924189596,1.4294334053726343,0.0981950481439664,1.034336105199257,0.0,2.331691740436637,10.0,0.014892804373308415,-0.014892804373308415
PPO_seed7,low_inertia,low_inertia_9,True,False,4.5600000000000005,0.03696118430604866,0.0366244435631003,-0.03696118430604866,-0.00044068500305444137,2.692083885186959,0.01147419191810325,0.2277267724275589,0.0,0.4887296489905566,10.0,0.045697729491391725,-0.045697729491391725
PPO_seed19,low_inertia,low_inertia_9,True,False,4.24,0.8867560192003859,0.43768110655570397,-0.4374663346941043,0.00020531235431126333,2.2278064982787886,0.01950445754347695,0.2875968813896179,0.0,0.6639350998739246,10.0,0.032195355082675105,-0.032195355082675105
PPO_seed42,low_inertia,low_inertia_9,True,False,3.62,0.015231362684164388,0.11573327368457036,0.11535263663990604,-0.0005329416488380401,2.628903647967759,0.011428614453994538,0.2103569060564041,0.0,0.46614522486925125,10.0,0.04380246142708696,-0.04380246142708696
PPO_seed61,low_inertia,low_inertia_9,True,False,6.86,0.061176677100738784,0.03596917335328521,-0.061176677100738784,-0.042427270826510405,3.2300011344639286,0.008455603489123538,0.20243477821350098,0.0,0.420157786924392,10.0,0.06536048179828789,-0.06536048179828789
PPO_seed83,low_inertia,low_inertia_9,True,False,3.74,0.0,0.8246372824962314,0.824693536081127,4.0916971403664056e-05,2.37199984037813,0.017881632723076024,0.29389798641204834,0.0,0.6671314323320985,10.0,0.035900205834999546,-0.035900205834999546
PD,low_inertia,low_inertia_10,True,False,1.58,0.018203726964091362,1.4921865090035186e-12,3.4457676364557086e-13,-1.3131034141074024e-12,1.0843642298215646,0.07563912693169154,0.8985796227613732,0.0,1.9897564964445404,10.0,0.008638341468032993,-0.008638341468032993
PID,low_inertia,low_inertia_10,True,False,1.58,0.06880049862769559,0.04494801569124762,0.04457138420732829,-0.0007490073571252641,1.0830946378681927,0.07582524174641898,0.8987574447218649,0.0,1.9900595055168224,10.0,0.008638126017410435,-0.008638126017410435
PPO_seed7,low_inertia,low_inertia_10,True,False,4.44,0.0,0.03798783562174806,-0.03768784260256736,0.00039266177444267236,2.220104436424728,0.012308050548819583,0.23151744902133942,0.0,0.48915656190365553,10.0,0.031286608843381136,-0.031286608843381136
PPO_seed19,low_inertia,low_inertia_10,True,False,4.0200000000000005,0.0,0.43730921374999226,-0.4374905301765677,-0.00019308971259085982,1.9358129179046653,0.015811947856600502,0.24908588826656342,0.0,0.5602289160888176,10.0,0.024167632692433723,-0.024167632692433723
PPO_seed42,low_inertia,low_inertia_10,True,False,3.66,0.22325931845442396,0.11443117535014309,0.11477854613051457,0.000501411726240381,2.161449854743329,0.012113909213846379,0.21116332709789276,0.0,0.4599791569635272,10.0,0.02989305926854535,-0.02989305926854535
PPO_seed61,low_inertia,low_inertia_10,True,False,6.44,0.0,0.23832524562390767,-0.21779160251791854,0.03456061479553953,2.717586572293393,0.009995473523387815,0.21774077415466309,0.0,0.44720579287968576,10.0,0.04648711085452074,-0.04648711085452074
PPO_seed83,low_inertia,low_inertia_10,True,False,3.7600000000000002,1.1101891007056117,0.8247261860440618,0.8246652590617304,-4.7673584438723365e-05,1.8236122700632367,0.021559143017708414,0.3177454471588135,0.0,0.7131784670054913,10.0,0.02184818815146841,-0.02184818815146841
PD,low_inertia,low_inertia_11,True,False,1.78,0.11924939342457602,9.570130945815914e-12,-2.0817510844134885e-12,8.086656221930115e-12,6.969618085486619,1.0137851855954445,2.0,0.016,5.26161956259145,10.0,0.34417990134034565,-0.34417990134034565
PID,low_inertia,low_inertia_11,True,False,1.8,0.3478810553244052,0.20416270282179808,-0.20245196875199578,0.0034021383194129014,6.9664559210894685,1.0143108249128607,2.0,0.016,5.257607296121049,10.0,0.34430303795082245,-0.34430303795082245
PPO_seed7,low_inertia,low_inertia_11,True,False,5.78,0.03592236500153947,0.03467444742876199,-0.03592236500153947,-0.0016327060722218123,11.386708622914762,0.07231070499988279,0.577175498008728,0.0,1.3016746626235545,10.0,0.8133208233820385,-0.8133208233820385
PPO_seed19,low_inertia,low_inertia_11,True,False,4.84,2.4335073024599274,0.4380427171734235,-0.4372770885007787,0.0006350025098001758,9.421472108658863,0.1766879909639959,0.8644090294837952,0.0,2.114888028096175,10.0,0.5720357161449567,-0.5720357161449567
PPO_seed42,low_inertia,low_inertia_11,True,False,5.68,0.49382187431672037,0.11737531812511326,0.11592954076823411,-0.0019089333296924684,10.76790370747576,0.08684009218156735,0.5840597152709961,0.0,1.3746478660032153,10.0,0.7320210967084778,-0.7320210967084778
PPO_seed61,low_inertia,low_inertia_11,False,False,,0.0,0.30073062648431825,0.1994143183299916,-0.1705274718250873,13.79066904623009,0.03542857685722456,0.4106426239013672,0.0,0.8865975553635508,10.0,1.1858548726951383,-1.1858548726951383
PPO_seed83,low_inertia,low_inertia_11,True,False,4.6000000000000005,0.6809712411720489,0.8245763281272748,0.8247819156676559,0.00010753381402788383,9.275846829916032,0.1934802557769061,0.9741915464401245,0.0,2.347688273526728,10.0,0.5536210086048102,-0.5536210086048102
PD,high_inertia,high_inertia_0,True,False,4.08,1.2929909434293558,0.00024774772369914226,-0.00012723446347035633,-0.00028253422911343404,0.9558607843303405,0.05353251300351803,0.24914053518244614,0.0,0.9568578074405152,10.0,0.007518107278117378,-0.007518107278117378
PID,high_inertia,high_inertia_0,True,False,4.12,1.3243635117855894,0.012936785830159106,0.01246499484081914,-0.0005414603061739665,0.959625201138915,0.05363365066284647,0.24879426164721333,0.0,0.9576525638835496,10.0,0.007576331354477665,-0.007576331354477665
PPO_seed7,high_inertia,high_inertia_0,True,False,6.640000000000001,2.80123621979677,0.15253283546208318,-0.10063802704217832,0.09111739265152323,1.606467879093523,0.01988542136321441,0.10626348853111267,0.0,0.23656418221071362,10.0,0.01767961210233352,-0.01767961210233352
PPO_seed19,high_inertia,high_inertia_0,True,False,8.620000000000001,3.291363957331876,0.18645254088027757,-0.21961538598157498,-0.11844444410613533,1.7309148226555822,0.027049854053156467,0.1216878741979599,0.0,0.32260997127741575,10.0,0.020869904765237656,-0.020869904765237656
PPO_seed42,high_inertia,high_inertia_0,False,False,,4.026013144027648,0.07231197248731652,0.11531548706261126,0.21398582891509152,2.0970234177045923,0.02065922977319593,0.09866752475500107,0.0,0.24103123601526022,10.0,0.02959544546378012,-0.02959544546378012
PPO_seed61,high_inertia,high_inertia_0,True,False,7.58,2.2272826333402205,0.18311131849426296,-0.19603481042418686,-0.012559243865332395,1.4903168502907584,0.019813295627190516,0.14297357201576233,0.0,0.2945481827482581,10.0,0.015126272139360339,-0.015126272139360339
PPO_seed83,high_inertia,high_inertia_0,False,False,,4.110833892115578,1.001515795181583,0.9575570687244895,-0.11502716848520428,2.046421164127919,0.026838999631346793,0.12527506053447723,0.0,0.3268951866775751,10.0,0.028538129056715288,-0.028538129056715288
PD,high_inertia,high_inertia_1,True,False,5.18,4.391975289664618,0.0023231652592621004,-0.0006611387676173406,0.0031099139700395896,6.538777771307662,2.1637127850183653,2.0,0.026,6.031936154107795,10.0,0.29841386108597434,-0.29841386108597434
PID,high_inertia,high_inertia_1,True,False,5.2,4.617163305954976,0.1377599781260416,-0.1348827096175271,0.005641922650816061,6.550750753274785,2.1727122419599567,2.0,0.026,6.039747460585005,10.0,0.2997838865991956,-0.2997838865991956
PPO_seed7,high_inertia,high_inertia_1,False,False,,2.9481354113707035,0.16778398958126586,0.25986749520752817,0.08433526583633096,11.20914481998757,0.17718553833350606,0.5243955850601196,0.0,1.2834341484121978,10.0,0.7892026004767843,-0.7892026004767843
PPO_seed19,high_inertia,high_inertia_1,False,False,,7.673107519022566,0.27466615408854916,-0.5956150009602177,-0.6603535137134537,10.015813259178579,0.3782887768645433,0.7298405766487122,0.0,2.072088262066245,10.0,0.6396951662550997,-0.6396951662550997
PPO_seed42,high_inertia,high_inertia_1,False,False,,5.325358160332643,1.1796356332715556,1.1510695122242443,-0.2461983497412244,11.22946356295287,0.20048473185896482,0.5088427066802979,0.0,1.335523539222777,10.0,0.7947607153846595,-0.7947607153846595
PPO_seed61,high_inertia,high_inertia_1,True,False,7.72,0.7430446190152281,0.6296447381896847,-0.5515056269580284,0.16413888536073143,13.028202322896941,0.10158806169649082,0.41313788294792175,0.0,0.9350493932142854,10.0,1.061434960263458,-1.061434960263458
PPO_seed83,high_inertia,high_inertia_1,False,False,,5.604826611346408,0.7254313566731434,0.50008740614795,-0.2621312860531099,9.584923725568022,0.4009831911048645,0.8092648983001709,0.0,2.244373825378716,10.0,0.5855419153031219,-0.5855419153031219
PD,high_inertia,high_inertia_2,True,False,4.8,1.440298014325566,0.0008335087661747308,0.0003100359656025312,-0.0011127533991936362,2.2668341700448726,0.4596454092139345,1.262661265165448,0.0,3.1916909240130997,10.0,0.036942055409162566,-0.036942055409162566
PID,high_inertia,high_inertia_2,True,False,4.82,1.5706107217807284,0.08759866033616741,0.0863264364116048,-0.002654136659870889,2.271519383263937,0.46319446723755947,1.2629339032888427,0.0,3.1986824356098547,10.0,0.03716363524917519,-0.03716363524917519
PPO_seed7,high_inertia,high_inertia_2,False,False,,1.1680527469219737,0.06338747401647447,-0.12775435421208683,-0.0972354407820569,5.120030911324274,0.07325518579713702,0.3126909136772156,0.0,0.7218721134122461,10.0,0.16618037309619765,-0.16618037309619765
PPO_seed19,high_inertia,high_inertia_2,False,False,,2.3274933760598366,0.7143336023749477,-0.5165010127873995,0.3524917839900453,4.495209313618607,0.10611548770088655,0.34276360273361206,0.0,0.9191295304335654,10.0,0.1295816381640981,-0.1295816381640981
PPO_seed42,high_inertia,high_inertia_2,False,False,,2.4632965002153075,0.2846153974234259,-0.35609890077472267,-0.02668984314535393,5.270344133044412,0.0762843929210837,0.2811250388622284,0.0,0.6968519808724523,10.0,0.1766732342127281,-0.1766732342127281
PPO_seed61,high_inertia,high_inertia_2,True,False,7.76,0.10432882022054765,0.08661580517699023,0.06097246846582601,-0.06345984104092409,6.068159614984924,0.05546642222915439,0.28973254561424255,0.0,0.6251483338419348,10.0,0.23205558271226462,-0.23205558271226462
PPO_seed83,high_inertia,high_inertia_2,False,False,,3.5821458445364236,0.7679951708160818,0.9070842700494055,0.20020620655395907,4.184059034059236,0.1322328646167608,0.4246138334274292,0.0,1.1181168043985963,10.0,0.11312482408153719,-0.11312482408153719
PD,high_inertia,high_inertia_3,True,False,5.28,6.163360827667134,0.003322864906485287,-0.0010016817612211266,0.004445837008082412,9.379586259924407,3.1236510816612992,2.0,0.038,6.851409461922746,10.0,0.604809048606316,-0.604809048606316
PID,high_inertia,high_inertia_3,True,False,5.3,6.411604510054048,0.1416749255710532,-0.13809054565032897,0.007128577211662888,9.393158175776083,3.133347012617584,2.0,0.038,6.85833428784127,10.0,0.6069607004292658,-0.6069607004292658
PPO_seed7,high_inertia,high_inertia_3,False,False,,4.08761321268487,0.32505604413105943,0.39628790938663383,0.02676106504879966,14.277371899910023,0.19278609284262466,0.5474222302436829,0.0,1.422220769803971,10.0,1.278381600334883,-1.278381600334883
PPO_seed19,high_inertia,high_inertia_3,False,False,,10.591944059027544,0.3885660144318659,-0.8242663174961091,-0.7514236861419041,13.041398102922583,0.5251500735152387,0.8594179749488831,0.0,2.574555456638336,10.0,1.0848700745815338,-1.0848700745815338
PPO_seed42,high_inertia,high_inertia_3,False,False,,7.475134467252082,1.582734163351762,1.4307828445107738,-0.5025343577014589,14.209429582204637,0.24353353689412552,0.564944326877594,0.0,1.577210278250277,10.0,1.271547891535328,-1.271547891535328
PPO_seed61,high_inertia,high_inertia_3,False,False,,0.9645652266596914,0.728260490715022,-0.6169931357552072,0.2203501764410042,16.392849084948484,0.08247992973389867,0.3729758560657501,0.0,0.8950694161467254,10.0,1.6769136880557638,-1.6769136880557638
PPO_seed83,high_inertia,high_inertia_3,False,False,,8.385733530711605,0.5494522334077607,0.30201009900752757,-0.23369694514577097,12.505801179254233,0.5748150978905434,0.9727938175201416,0.0,2.8392552323639393,10.0,0.9979841264780834,-0.9979841264780834
PD,high_inertia,high_inertia_4,True,False,6.04,6.478369600166712,0.0030344323165593344,0.0005724238524659599,-0.004074151260564729,8.930274529631532,2.848873867508861,2.0,0.03,6.997327939428611,10.0,0.5562463541342361,-0.5562463541342361
PID,high_inertia,high_inertia_4,True,False,6.18,6.7209581714661875,0.133313930291463,0.12961875570980935,-0.006632296996934458,8.945045045097814,2.8576317353263385,2.0,0.03,7.003875897719757,10.0,0.558455985303491,-0.558455985303491
PPO_seed7,high_inertia,high_inertia_4,False,False,,4.424364574933437,0.5022261843235291,-0.49468150369262115,0.09788008928578419,12.64036475956753,0.10254682646207262,0.3532060384750366,0.0,1.070072510279715,10.0,1.003809921724787,-1.003809921724787
PPO_seed19,high_inertia,high_inertia_4,False,False,,10.341701151785871,0.2793094396615092,0.18272071157946254,0.49034506823010077,11.934973775742034,0.3837266646362993,0.6952579021453857,0.0,2.297520227730274,10.0,0.9133498423119158,-0.9133498423119158
PPO_seed42,high_inertia,high_inertia_4,False,False,,8.570834901903535,1.329950115480865,-1.0251688131025174,0.719673943488719,12.661716355687085,0.16225586138934808,0.4195626974105835,0.0,1.3443544153124094,10.0,1.0140231279391907,-1.0140231279391907
PPO_seed61,high_inertia,high_inertia_4,False,False,,0.7913413030994081,0.3014390354866996,0.18793701557962628,-0.2066297287978646,14.147376696788404,0.0266007838257663,0.15283221006393433,0.0,0.47711422154679894,10.0,1.2481058059649244,-1.2481058059649244
PPO_seed83,high_inertia,high_inertia_4,False,False,,11.209823463038374,1.2952022144330555,1.456874033575228,0.058051823496539146,11.729189049597208,0.4792475542811943,0.8500021696090698,0.0,2.7063273955136538,10.0,0.8864751201963788,-0.8864751201963788
PD,high_inertia,high_inertia_5,True,False,6.6000000000000005,8.040903251118305,0.0048844751407639015,-0.0021170830816173254,0.006508411780712887,13.737403494479638,4.6671728845690845,2.0,0.058,7.7201626393852845,10.0,1.269729344303838,-1.269729344303838
PID,high_inertia,high_inertia_5,True,False,6.640000000000001,8.31130119464458,0.1435828895123127,-0.13958897425833613,0.009283931795021117,13.750874725130018,4.67727335573304,2.0,0.058,7.726511371813641,10.0,1.2727956959722297,-1.2727956959722297
PPO_seed7,high_inertia,high_inertia_5,False,False,,5.529663683588313,0.4305798432650515,0.5465971384147601,0.06669054259962898,19.88933417821199,0.34281678215607186,0.7103270292282104,0.0,1.8618130292743444,10.0,2.480040964499308,-2.480040964499308
PPO_seed19,high_inertia,high_inertia_5,False,False,,14.213987780115964,0.44287664137664323,-0.8891085918214638,-1.1019982359113236,18.125736270424994,0.9288385899637188,1.104344129562378,0.0,3.3599968776106834,10.0,2.0927173624449833,-2.0927173624449833
PPO_seed42,high_inertia,high_inertia_5,False,False,,10.238817147457993,2.1315906708720256,1.956416940629285,-0.6417296777038262,19.778681545194548,0.4369944139326752,0.7330253720283508,0.0,2.0721472054719925,10.0,2.4625152832509642,-2.4625152832509642
PPO_seed61,high_inertia,high_inertia_5,False,False,,1.2531510008318631,0.9671733518231009,-0.8171665904126908,0.3017089114979249,22.8995596672923,0.1447913521319766,0.47865697741508484,0.0,1.156758978497237,10.0,3.272251316895004,-3.272251316895004
PPO_seed83,high_inertia,high_inertia_5,False,False,,11.86479658453709,0.4891378685989356,0.12161143164911438,-0.370969789233648,17.364096362903076,1.0496365649127508,1.278168797492981,0.0,3.7769622579216957,10.0,1.9229555933368345,-1.9229555933368345
PD,high_inertia,high_inertia_6,True,False,3.66,1.0727660879524683,0.0006619924842503989,0.00030321195635207014,-0.0008814078532139969,1.7602079924837795,0.33990956192154004,1.0396840999100405,0.0,2.575675506933426,10.0,0.02276046768801615,-0.02276046768801615
PID,high_inertia,high_inertia_6,True,False,4.58,1.178397425909357,0.07199045660007312,0.07102436303721996,-0.002139393332860087,1.763392075609437,0.34229335528499394,1.0398638004296117,0.0,2.581333647972998,10.0,0.022885262618287314,-0.022885262618287314
PPO_seed7,high_inertia,high_inertia_6,False,False,,1.0120954393765713,0.04986088197175371,-0.09748001364416907,-0.10926799384350824,4.532653379286739,0.07203728488460208,0.29763472080230713,0.0,0.6790019441395998,10.0,0.13106537635101165,-0.13106537635101165
PPO_seed19,high_inertia,high_inertia_6,False,False,,1.956708346756177,0.7460459469563059,-0.5684618442188412,0.33383114903491823,4.004752075864151,0.09649411131977331,0.30103057622909546,0.0,0.8041156576946378,10.0,0.1035932036348922,-0.1035932036348922
PPO_seed42,high_inertia,high_inertia_6,False,False,,2.201759906111662,0.19509778651858065,-0.2928944143545583,-0.08204274650895757,4.755016612576923,0.07362341758046066,0.25966039299964905,0.0,0.6380460858345032,10.0,0.14468258604734882,-0.14468258604734882
PPO_seed61,high_inertia,high_inertia_6,True,False,7.84,0.07262107281588619,0.06345378539481598,0.04512631553366165,-0.050871419902571935,5.378440577078051,0.05805881808548332,0.28963565826416016,0.0,0.6189843830652535,10.0,0.1831652740877079,-0.1831652740877079
PPO_seed83,high_inertia,high_inertia_6,False,False,,3.1849812701248763,0.7295454980114067,0.8637256101786261,0.20631241398214087,3.6379236725069504,0.11828184632657944,0.3763777017593384,0.0,0.9830551147460938,10.0,0.0862393546958227,-0.0862393546958227
PD,high_inertia,high_inertia_7,True,False,4.94,1.9967260406241005,0.0010991402278405068,-0.0003525154037106713,0.0014697179568377106,3.0420496454466255,0.732564723208564,1.628630155414485,0.0,4.181020401904801,10.0,0.06601270396991402,-0.06601270396991402
PID,high_inertia,high_inertia_7,True,False,4.96,2.166304885756084,0.11312550940198986,-0.1114040068424232,0.0034689275944987377,3.048819470469668,0.7385069943519937,1.62902609704671,0.0,4.189940256284411,10.0,0.06642792008206833,-0.06642792008206833
PPO_seed7,high_inertia,high_inertia_7,False,False,,1.5664479720234332,0.05156823740309085,0.09420359830689697,0.0969513015628737,6.3206509677742915,0.09368021982764187,0.36409223079681396,0.0,0.850886991713196,10.0,0.25235381725902223,-0.25235381725902223
PPO_seed19,high_inertia,high_inertia_7,False,False,,4.176292066733131,0.18309299584427513,-0.40851765014358193,-0.42983757612015666,5.52918182041988,0.15765113099851738,0.4432833194732666,0.0,1.2032823143526912,10.0,0.19592227306563445,-0.19592227306563445
PPO_seed42,high_inertia,high_inertia_7,False,False,,2.768009805885615,0.6386080303162865,0.6946282271796029,-0.019545496506051325,6.468139667116073,0.09713688168658802,0.32979586720466614,0.0,0.8258111821487546,10.0,0.2650232335805915,-0.2650232335805915
PPO_seed61,high_inertia,high_inertia_7,True,False,7.76,0.46901112040041526,0.43639208686447284,-0.3997363860349731,0.08492973213187596,7.40701981622842,0.06740796410408297,0.32547059655189514,0.0,0.709493204485625,10.0,0.3448361979049411,-0.3448361979049411
PPO_seed83,high_inertia,high_inertia_7,False,False,,2.321151374649838,0.8657620368854291,0.7157556819825943,-0.209389639722324,5.313447825250155,0.1564455897693255,0.4723672568798065,0.0,1.2516063535586,10.0,0.1804351819688668,-0.1804351819688668
PD,high_inertia,high_inertia_8,True,False,6.38,7.625997353693351,0.003962121550516615,0.001066659796082158,-0.005306439583590431,11.370321014312704,3.7792927766085085,2.0,0.04,7.5282451166839,10.0,0.8871839853969719,-0.8871839853969719
PID,high_inertia,high_inertia_8,True,False,6.44,7.894362221800932,0.1446713891944991,0.14045706238448583,-0.008112541918503873,11.385579737136862,3.789619640499408,2.0,0.04,7.53488897050094,10.0,0.8900719195461159,-0.8900719195461159
PPO_seed7,high_inertia,high_inertia_8,False,False,,5.247089322141501,0.5792612778252378,-0.5920237664125171,0.08528411696947785,15.90434589531766,0.16197184973615517,0.45671242475509644,0.0,1.3420616732910275,10.0,1.5876267098313603,-1.5876267098313603
PPO_seed19,high_inertia,high_inertia_8,False,False,,12.492279194314047,0.3625203721515784,0.250157080484416,0.6850553598814938,14.899511345617412,0.5802391162342171,0.8529791235923767,0.0,2.787876868620515,10.0,1.4203106333060092,-1.4203106333060092
PPO_seed42,high_inertia,high_inertia_8,False,False,,10.18179863144797,1.6736777375517964,-1.3398400320247492,0.8278983488886404,15.875357066756193,0.24930877753772201,0.5263508558273315,0.0,1.6505206944420934,10.0,1.5916288368884117,-1.5916288368884117
PPO_seed61,high_inertia,high_inertia_8,False,False,,0.9442727229705663,0.43809996885007196,0.29915805172850496,-0.2575001195001073,17.902840322345355,0.0436987507821706,0.22144535183906555,0.0,0.6409525070339441,10.0,1.9983167848513874,-1.9983167848513874
PPO_seed83,high_inertia,high_inertia_8,False,False,,13.291896019869737,1.3477131015850585,1.5765201536550726,0.12869100701349553,14.571300552789337,0.7227112348785444,1.04196035861969,0.0,3.2843472231179476,10.0,1.3647603258228946,-1.3647603258228946
PD,high_inertia,high_inertia_9,True,False,5.12,5.605217204969191,0.0025119214385930463,-0.0003944012767214217,0.003375908538590255,7.4853895676157505,2.284603644915469,2.0,0.022,6.593226969358801,10.0,0.3942491560275582,-0.3942491560275582
PID,high_inertia,high_inertia_9,True,False,5.14,5.843100225142447,0.13735200881503445,-0.13397480158548203,0.005957510512092288,7.500092959035361,2.2937793416903167,2.0,0.022,6.600197912894133,10.0,0.39612165013003675,-0.39612165013003675
PPO_seed7,high_inertia,high_inertia_9,True,False,8.98,3.8373167642143184,0.3580863291790033,0.35316321597595196,-0.08126505057267838,10.813821247207407,0.07884192214385444,0.31950604915618896,0.0,0.9491197499446571,10.0,0.7346876501987177,-0.7346876501987177
PPO_seed19,high_inertia,high_inertia_9,False,False,,9.779066642577073,0.6177246074432968,-0.9709245344778804,-0.43367415498853795,10.292989001365468,0.30158787327910996,0.6290770173072815,0.0,2.0473410673439503,10.0,0.6802712008034378,-0.6802712008034378
PPO_seed42,high_inertia,high_inertia_9,False,False,,6.980846915372699,1.3344704233731157,1.08049469254433,-0.6026309161140218,10.809939392169388,0.11946270417581287,0.3690674304962158,0.0,1.1631859606131911,10.0,0.7386933687951941,-0.7386933687951941
PPO_seed61,high_inertia,high_inertia_9,False,False,,0.9435908648791042,0.537526398318715,-0.440164504839769,0.17787313513238825,12.09670381611807,0.02099580431313855,0.1477113664150238,0.0,0.44161539734341204,10.0,0.9126113150417974,-0.9126113150417974
PPO_seed83,high_inertia,high_inertia_9,False,False,,7.589873836214759,0.439145478055342,0.3115477379369612,-0.041176029683134545,9.85905914775978,0.3225288558023482,0.7051433324813843,0.0,2.2307379143312573,10.0,0.6240411997297091,-0.6240411997297091
PD,high_inertia,high_inertia_10,True,False,4.14,1.239344170430637,0.0002899152862918663,-9.364479344640058e-05,-0.0003667576561572829,1.0696792516570404,0.05430835497787312,0.28183280820001594,0.0,1.1370540318594586,10.0,0.008941648920000482,-0.008941648920000482
PID,high_inertia,high_inertia_10,True,False,4.16,1.2791287035770547,0.02002442879230367,0.019463656502952353,-0.0007488596350447567,1.0736379863306598,0.054520495433108204,0.2820458581828355,0.0,1.1383315638707274,10.0,0.009011578248444266,-0.009011578248444266
PPO_seed7,high_inertia,high_inertia_10,True,False,6.72,2.136643420072718,0.14842692069284993,-0.1056058505975443,0.07821398260140053,1.5034928008283468,0.01301439140643107,0.08148694783449173,0.0,0.1812701658345759,10.0,0.015271307510032847,-0.015271307510032847
PPO_seed19,high_inertia,high_inertia_10,True,False,8.68,2.7160805229070824,0.2229728439576102,-0.23692366009938795,-0.08141835101152732,1.6432811375071088,0.01940254308600279,0.1029735803604126,0.0,0.27222066931426525,10.0,0.01857433441922936,-0.01857433441922936
PPO_seed42,high_inertia,high_inertia_10,False,False,,3.311181447672793,0.07031097116601785,0.07403494147965078,0.20123431017698235,1.9007943096592208,0.014119709069487904,0.0806804671883583,0.0,0.1969087915495038,10.0,0.02419793241879263,-0.02419793241879263
PPO_seed61,high_inertia,high_inertia_10,True,False,7.28,1.4430279276679687,0.1607065931959129,-0.17529876560933932,-0.01759547323127471,1.3787703441546795,0.013009155938897341,0.11047790944576263,0.0,0.22652900451794267,10.0,0.01272809253951775,-0.01272809253951775
PPO_seed83,high_inertia,high_inertia_10,False,False,,3.692287675897219,0.9876950563133858,0.9578906401159341,-0.0920311469464232,1.9841020435630354,0.02053737722576508,0.10936732590198517,0.0,0.35783959552645683,10.0,0.026600978525849268,-0.026600978525849268
PD,high_inertia,high_inertia_11,True,False,4.88,2.854579172258903,0.0011618694350020158,-0.00010548880711604543,0.0015646967589657878,3.5771548324974876,0.6409655924644538,1.5487993297838956,0.0,4.418272306665551,10.0,0.09170782033233563,-0.09170782033233563
PID,high_inertia,high_inertia_11,True,False,4.9,3.0267242262522207,0.10824623420378404,-0.10621859237629194,0.0035196023241286143,3.587509452744664,0.6465459535909283,1.5493905843828415,0.0,4.426250531209033,10.0,0.09237629445638372,-0.09237629445638372
PPO_seed7,high_inertia,high_inertia_11,True,False,8.42,1.983703708653419,0.16635668078004193,0.15743878046321003,-0.05039239273254451,5.235463607179675,0.01901190534122163,0.15480361878871918,0.0,0.4693515100516379,10.0,0.17239936720736435,-0.17239936720736435
PPO_seed19,high_inertia,high_inertia_11,False,False,,5.226831301015829,0.5621870205304405,-0.727253885671093,-0.19093740623713695,5.064442039681053,0.07753763693940721,0.3234388828277588,0.0,1.0542678879573941,10.0,0.1652236952525313,-0.1652236952525313
PPO_seed42,high_inertia,high_inertia_11,False,False,,3.4876381362380027,0.7094862822559596,0.5724778088980781,-0.3129013212603992,5.243643766429582,0.02898413490480378,0.18087086081504822,0.0,0.5788613641634583,10.0,0.17405451368930977,-0.17405451368930977
PPO_seed61,high_inertia,high_inertia_11,True,False,6.140000000000001,0.5627611782966652,0.3314957252060668,-0.2831628426727911,0.08708478545531205,5.822942536794756,0.005037657249602553,0.06484189629554749,0.0,0.20665832655504346,10.0,0.21154319314493483,-0.21154319314493483
PPO_seed83,high_inertia,high_inertia_11,False,False,,3.3191470997858374,0.6220921075111202,0.5712124366154737,-0.0005097507108393949,4.811197002579454,0.07487738882001611,0.34045207500457764,0.0,1.087739233393222,10.0,0.14858666657818811,-0.14858666657818811
PD,bias_positive,bias_positive_0,True,False,3.84,2.9132476130064315,0.7639346424817897,0.7639370778135525,1.5089202503184691e-05,4.3492144545920555,0.8000946782002231,1.8762780751110943,0.0,5.226800098630031,10.0,0.1394166296296515,-0.1394166296296515
PID,bias_positive,bias_positive_0,True,False,3.8000000000000003,3.097207017339885,0.8042820897570965,0.7975446240140543,-0.013386500985226715,4.36920681643742,0.8042048091773419,1.877076052811097,0.0,5.230098588587602,10.0,0.14079080223004448,-0.14079080223004448
PPO_seed7,bias_positive,bias_positive_0,False,False,,6.452306948082719,5.094584766411759,5.1045582338127895,0.023247356828827587,7.504442299990021,0.11697858968235543,0.18032975494861603,0.0,0.5135696530342102,10.0,0.3586052787251244,-0.3586052787251244
PPO_seed19,bias_positive,bias_positive_0,False,False,,8.108637003076602,3.151358614862318,3.104526567296917,-0.10889081207308939,6.599687676571871,0.1867703969420718,0.32784363627433777,0.0,1.2257209867238998,10.0,0.28518391581556657,-0.28518391581556657
PPO_seed42,bias_positive,bias_positive_0,False,False,,9.074255481118893,5.165916104714113,5.249536767566039,0.1328086651993254,7.9682218831956995,0.1353413254826077,0.20968399941921234,0.0,0.7147072479128838,10.0,0.4070851948250533,-0.4070851948250533
PPO_seed61,bias_positive,bias_positive_0,False,False,,7.495345022030001,7.484904566262542,7.495345022030001,0.013939618456622272,8.341074856672373,0.09928695603022293,0.1358184516429901,0.0,0.19135499745607376,10.0,0.43855598647749217,-0.43855598647749217
PPO_seed83,bias_positive,bias_positive_0,False,False,,8.600399280873253,3.9621692954751127,3.921584644149763,-0.07484042475030062,6.886871680919659,0.2089319145295581,0.41657358407974243,0.0,1.4464524984359741,10.0,0.31079355323851215,-0.31079355323851215
PD,bias_positive,bias_positive_1,True,False,4.42,3.3827125487057477,0.7639520835260524,0.763963371849053,-2.5548951236488077e-05,11.660553934632418,2.793600514313929,2.0,0.04,6.609899834399398,10.0,0.9248741899983494,-0.9248741899983494
PID,bias_positive,bias_positive_1,True,False,4.46,3.647400466794818,0.4757592661276542,0.4717874215650455,-0.007952523860146221,11.65267854203255,2.795579970161092,2.0,0.04,6.605632342239108,10.0,0.9243471239794356,-0.9243471239794356
PPO_seed7,bias_positive,bias_positive_1,False,False,,0.0,5.212715836212711,5.210998192241871,-0.02110858525722662,18.336195037455976,0.19941334286076653,0.6347295045852661,0.0,1.4747361689805984,10.0,2.1008825635981965,-2.1008825635981965
PPO_seed19,bias_positive,bias_positive_1,False,False,,5.28180691624464,2.7558074250050377,2.7987589258633667,0.1565968922718609,15.342641778345032,0.5078798939651713,1.0271614789962769,0.0,2.77433367818594,10.0,1.4967901386062088,-1.4967901386062088
PPO_seed42,bias_positive,bias_positive_1,False,False,,0.0008491149975649013,5.604526098418991,5.457441159581361,-0.26516410693538484,17.56891930210639,0.24591037185686446,0.6676863431930542,0.0,1.6650256887078285,10.0,1.9356334585582076,-1.9356334585582076
PPO_seed61,bias_positive,bias_positive_1,False,False,,0.0,7.595209759733519,7.555030547302802,-0.05765095749373916,22.714053992146997,0.10540343833398996,0.40567871928215027,0.0,0.8484639935195446,10.0,3.214112003268729,-3.214112003268729
PPO_seed83,bias_positive,bias_positive_1,False,False,,3.613237693714539,3.73275902193985,3.7945908678361153,0.1349632489817207,15.038612005752952,0.5751679039165194,1.186012864112854,0.0,3.143245682120323,10.0,1.4390889862989487,-1.4390889862989487
PD,bias_positive,bias_positive_2,True,False,4.48,5.284083143417669,0.7639358786216245,0.7639218336822391,2.6964404680717875e-05,12.474407149201742,3.365563162028975,2.0,0.042,7.01241568132225,10.0,1.0640606609071461,-1.0640606609071461
PID,bias_positive,bias_positive_2,True,False,4.46,5.5492201906774214,0.8614410470298188,0.8542051899200699,-0.014328702458814123,12.489062623341459,3.3685730212128364,2.0,0.042,7.0089561112953795,10.0,1.067057846840728,-1.067057846840728
PPO_seed7,bias_positive,bias_positive_2,False,False,,7.629080331353507,5.043133267792295,5.047223103601733,0.031210124325860882,18.40853283672193,0.3357828739799939,0.6965827941894531,0.0,1.8598624169826508,10.0,2.1328414429952116,-2.1328414429952116
PPO_seed19,bias_positive,bias_positive_2,False,False,,13.428726012865837,3.336720928888936,3.28642222742249,-0.19162964411209163,16.507618027380527,0.7599408258942559,1.0895557403564453,0.0,3.235378119163215,10.0,1.7499423538752037,-1.7499423538752037
PPO_seed42,bias_positive,bias_positive_2,False,False,,12.611891820078606,4.84302215412447,5.045414616315804,0.3649871651541481,18.389389523564407,0.42150584818052317,0.7297183871269226,0.0,2.095532648265362,10.0,2.1419296058300357,-2.1419296058300357
PPO_seed61,bias_positive,bias_positive_2,False,False,,7.453722753002251,7.408566125987819,7.453722753002251,0.0631618698587103,20.778790538925293,0.1852512539745366,0.45277631282806396,0.0,1.1696689575910568,10.0,2.69916084790441,-2.69916084790441
PPO_seed83,bias_positive,bias_positive_2,False,False,,13.603663461572923,4.091829560750953,4.013093469071729,-0.17410576446552856,16.107784568149896,0.9093846119723731,1.3179601430892944,0.0,3.786399306729436,10.0,1.673610727011344,-1.673610727011344
PD,bias_positive,bias_positive_3,True,False,4.38,2.7796026444379436,0.7639505299189383,0.7639606478631955,-2.1599718596356652e-05,9.986321646337535,2.482373708934063,2.0,0.038,6.2182859339676435,10.0,0.6804643406117422,-0.6804643406117422
PID,bias_positive,bias_positive_3,True,False,4.4,3.023331512455177,0.4890880635380529,0.4850029452266765,-0.008170746116518874,9.97635984807072,2.484836611300541,2.0,0.038,6.215978582506621,10.0,0.6797257622785448,-0.6797257622785448
PPO_seed7,bias_positive,bias_positive_3,False,False,,0.0,5.198399461072112,5.20195677017356,-0.011740396949443491,16.768686767618508,0.24496264776330556,0.689368486404419,0.0,1.5366058126091957,10.0,1.7580956303304598,-1.7580956303304598
PPO_seed19,bias_positive,bias_positive_3,False,False,,3.9029975271553283,2.797329126661601,2.8204317765583142,0.11748264281245273,13.799739776317297,0.499396477300965,1.0103487968444824,0.0,2.6093353033065796,10.0,1.209078166999801,-1.209078166999801
PPO_seed42,bias_positive,bias_positive_3,False,False,,0.0,5.596481376560747,5.471088254348508,-0.23706900201079348,16.18517430669457,0.27556678005960616,0.6915342807769775,0.0,1.6421167254447937,10.0,1.6425982596712516,-1.6425982596712516
PPO_seed61,bias_positive,bias_positive_3,False,False,,0.0,7.601199514352969,7.559507190510659,-0.06027534339671637,20.965829842099847,0.15602434728605416,0.509876012802124,0.0,1.037630207836628,10.0,2.74137360785164,-2.74137360785164
PPO_seed83,bias_positive,bias_positive_3,False,False,,2.3031423951079275,3.7510961442208792,3.798947278327658,0.11252366894271458,13.53343999761715,0.5529269743614362,1.1502631902694702,0.0,2.9256410747766495,10.0,1.1631283442050215,-1.1631283442050215
PD,bias_positive,bias_positive_4,True,False,4.38,4.544247130079538,0.7639356561051931,0.7639259957323902,2.3603760703981547e-05,10.085139157208888,2.7740329450145578,2.0,0.036,6.532876417114157,10.0,0.7020414553411229,-0.7020414553411229
PID,bias_positive,bias_positive_4,True,False,4.38,4.787684467289502,0.8469700529754417,0.8398606200374433,-0.014090513004988765,10.100229125822905,2.7777522098601857,2.0,0.036,6.531414210789644,10.0,0.7045151399635173,-0.7045151399635173
PPO_seed7,bias_positive,bias_positive_4,False,False,,7.202550658462923,5.060909955414627,5.061373760154847,0.02260264573283507,15.679087954996993,0.3085599515094803,0.6876783967018127,0.0,1.7787591218948364,10.0,1.548826600621849,-1.548826600621849
PPO_seed19,bias_positive,bias_positive_4,False,False,,11.56562509610406,3.280454257957665,3.2458348813978404,-0.1507371100151127,13.9655824292047,0.6267231752626213,1.006243109703064,0.0,2.901134356856346,10.0,1.2526452768401934,-1.2526452768401934
PPO_seed42,bias_positive,bias_positive_4,False,False,,11.333633369351745,4.889221179493571,5.059459193596085,0.31371104124883775,15.779110417761007,0.36751211925038924,0.6984872817993164,0.0,1.938967488706112,10.0,1.5778266992735224,-1.5778266992735224
PPO_seed61,bias_positive,bias_positive_4,False,False,,7.453276198776319,7.410064112646662,7.453276198776319,0.06090464865594441,17.674462938913447,0.18636514200343007,0.4964403212070465,0.0,1.2286689057946205,10.0,1.9552658000995506,-1.9552658000995506
PPO_seed83,bias_positive,bias_positive_4,False,False,,11.837963161044792,4.060370152609886,3.997710376896019,-0.14334868148011673,13.653739598781872,0.7429395024686012,1.2054933309555054,0.0,3.375743016600609,10.0,1.2024555223166624,-1.2024555223166624
PD,bias_positive,bias_positive_5,True,False,2.56,0.0,0.7639462424264835,0.7639448585890202,-3.5664993331033165e-06,1.286745987346521,0.06971064491944416,0.3227877523920528,0.0,0.9359264794290587,10.0,0.011712997123485393,-0.011712997123485393
PID,bias_positive,bias_positive_5,True,False,2.56,0.0,0.6316881391932359,0.6263938717286028,-0.010529881696041934,1.2422163502985433,0.06972943729103392,0.3230061884737641,0.0,0.9353532301094603,10.0,0.011020811600570701,-0.011020811600570701
PPO_seed7,bias_positive,bias_positive_5,False,False,,0.0,5.143853150990585,5.139567699529238,-0.004963264555004578,4.682488259987531,0.05681623478461573,0.08766363561153412,0.0,0.1944335177540779,10.0,0.13770441549628648,-0.13770441549628648
PPO_seed19,bias_positive,bias_positive_5,False,False,,0.0,3.0024678427203777,3.0171660868659465,0.020950279189322497,2.9322493376708683,0.05464610807606013,0.09411130845546722,0.0,0.17599751707166433,10.0,0.05459948850523878,-0.05459948850523878
PPO_seed42,bias_positive,bias_positive_5,False,False,,0.0,5.242659540078512,5.246125016368437,0.01578634935189025,4.819742028141879,0.05633631287613529,0.09234587848186493,0.0,0.1511201709508896,10.0,0.1460338130847759,-0.1460338130847759
PPO_seed61,bias_positive,bias_positive_5,False,False,,0.0,7.482098039778224,7.490590574484129,0.012453364579681981,6.310795715058991,0.059358762731932524,0.09097958356142044,0.0,0.27412066608667374,10.0,0.2497610315680661,-0.2497610315680661
PPO_seed83,bias_positive,bias_positive_5,False,False,,0.0,3.8910599842240594,3.8963607106355136,0.004025030405389771,3.7307371088878982,0.05602614814799908,0.09471729397773743,0.0,0.14663780853152275,10.0,0.08773500417570805,-0.08773500417570805
PD,bias_positive,bias_positive_6,True,False,3.68,2.5944936633544535,0.7639362321826223,0.7639376706845419,1.2940893252919572e-05,3.853116717133809,0.6937231628657718,1.7743932287244566,0.0,4.816447411308108,10.0,0.1087957815724653,-0.1087957815724653
PID,bias_positive,bias_positive_6,True,False,3.02,2.760125504991036,0.7913697668269833,0.7847395184286529,-0.013173627146113772,3.8716606108696707,0.6973924039758029,1.7750763277695383,0.0,4.820175536363571,10.0,0.10991654774335864,-0.10991654774335864
PPO_seed7,bias_positive,bias_positive_6,False,False,,6.218361022884233,5.100274628495396,5.10673865842,0.018061669035127216,7.068849613506431,0.10684447588363913,0.1684025377035141,0.0,0.5890624672174454,10.0,0.31721073485928103,-0.31721073485928103
PPO_seed19,bias_positive,bias_positive_6,False,False,,7.266900178062608,3.136704512148218,3.1018564259698813,-0.0897174007226476,6.078098609074153,0.16584406544070773,0.3447940945625305,0.0,1.1794694736599922,10.0,0.24028990209823214,-0.24028990209823214
PPO_seed42,bias_positive,bias_positive_6,False,False,,8.426792895634584,5.153240756856315,5.23053758384603,0.1288380627228993,7.494135389409198,0.1220027973459739,0.20645900070667267,0.0,0.7362509146332741,10.0,0.3585600198242057,-0.3585600198242057
PPO_seed61,bias_positive,bias_positive_6,False,False,,7.489782974211602,7.476196771178297,7.489782974211602,0.018721972770685016,7.923228886395904,0.08808399467671112,0.12398573011159897,0.0,0.29019252210855484,10.0,0.39518972290133747,-0.39518972290133747
PPO_seed83,bias_positive,bias_positive_6,False,False,,7.864002660084025,3.9584150870730657,3.9240854097839093,-0.06692702847777363,6.395395949680956,0.1879873817809905,0.4332800805568695,0.0,1.3976674377918243,10.0,0.26633763905997476,-0.26633763905997476
PD,bias_positive,bias_positive_7,True,False,4.32,2.9288896600434584,0.7639542997795137,0.7639597501406831,-2.470735675673526e-05,9.764279631062887,2.292272596194428,2.0,0.032,6.315651655214882,10.0,0.6556674293193367,-0.6556674293193367
PID,bias_positive,bias_positive_7,True,False,4.36,3.178029469438063,0.4856817416268273,0.4816201154271604,-0.008117630183109504,9.754170636022542,2.294589222731828,2.0,0.032,6.312447098102939,10.0,0.6549645678633848,-0.6549645678633848
PPO_seed7,bias_positive,bias_positive_7,False,False,,0.0,5.203978952060283,5.1999449381651655,-0.021120516719414333,15.768947228690806,0.1441234591278074,0.5249078273773193,0.0,1.2189083471894264,10.0,1.5532923187737133,-1.5532923187737133
PPO_seed19,bias_positive,bias_positive_7,False,False,,4.2280785527269735,2.7914195855769495,2.835675589905309,0.14281699248272609,13.099746385066618,0.37294587834907306,0.8882567286491394,0.0,2.397017002105713,10.0,1.0916962782318356,-1.0916962782318356
PPO_seed42,bias_positive,bias_positive_7,False,False,,0.0,5.536735866673386,5.412605420591597,-0.21878551308313124,15.073968225739552,0.1787317326458688,0.5638341903686523,0.0,1.403308466076851,10.0,1.4244698071170816,-1.4244698071170816
PPO_seed61,bias_positive,bias_positive_7,False,False,,0.0,7.568565849569211,7.5392922580041795,-0.04170921270348721,19.63804672468745,0.07929873105946898,0.31930291652679443,0.0,0.6611757054924965,10.0,2.401944601978753,-2.401944601978753
PPO_seed83,bias_positive,bias_positive_7,False,False,,2.613020717885777,3.758826091736843,3.813573247851264,0.11557756598007334,12.937495750193305,0.41583772397962365,1.0156527757644653,0.0,2.691508561372757,10.0,1.0649343942160732,-1.0649343942160732
PD,bias_positive,bias_positive_8,True,False,4.3,4.379314370554019,0.763932737857857,0.7639284117262635,2.4524958630393783e-05,8.995343146153791,2.3912343618217826,2.0,0.028,6.4250476500461,10.0,0.5654718395914295,-0.5654718395914295
PID,bias_positive,bias_positive_8,True,False,4.28,4.617506870973161,0.843397360666781,0.8363238196586015,-0.014029477056009928,9.01162758764038,2.3951469013072693,2.0,0.028,6.4235848294382,10.0,0.567847164733199,-0.567847164733199
PPO_seed7,bias_positive,bias_positive_8,False,False,,7.102383891953838,5.063751681519077,5.069421987348126,0.027214545775081096,13.926165584693265,0.22827371406238292,0.5258215069770813,0.0,1.440197505056858,10.0,1.222723792585618,-1.222723792585618
PPO_seed19,bias_positive,bias_positive_8,False,False,,11.145702228317017,3.2636114977400745,3.215904273816701,-0.15767870120397212,12.4942903315815,0.48803653855961665,0.8528462648391724,0.0,2.556843128055334,10.0,1.0055166803286415,-1.0055166803286415
PPO_seed42,bias_positive,bias_positive_8,False,False,,11.035440454304771,4.96329167256998,5.119031443745089,0.2756299869086067,14.056153710503443,0.28216935095200424,0.5621846914291382,0.0,1.6446061208844185,10.0,1.2539292859735864,-1.2539292859735864
PPO_seed61,bias_positive,bias_positive_8,False,False,,7.4672645087927645,7.434127373710669,7.4672645087927645,0.04627640099495258,15.569415433624883,0.13760424464892076,0.3312266170978546,0.0,0.891309455037117,10.0,1.516973181761441,-1.516973181761441
PPO_seed83,bias_positive,bias_positive_8,False,False,,11.4497694215913,4.040996779496696,3.978165404802219,-0.13426262760225,12.325735445606393,0.5774500805386312,1.0294077396392822,0.0,2.9824590273201466,10.0,0.9827434645186208,-0.9827434645186208
PD,bias_positive,bias_positive_9,True,False,4.04,1.8962920396740661,0.7639541981663348,0.7639530571138985,-1.8829976462300342e-05,6.197469593178195,1.262174551068922,2.0,0.012,5.645760699937298,10.0,0.2713924061276894,-0.2713924061276894
PID,bias_positive,bias_positive_9,True,False,4.1,2.1194415461732796,0.500455319784132,0.49626204480729524,-0.008358573767736244,6.178919554436781,1.2657120130734483,2.0,0.012,5.645284393145634,10.0,0.2703311503370839,-0.2703311503370839
PPO_seed7,bias_positive,bias_positive_9,False,False,,0.0,5.183813878598625,5.176937316771835,-0.018556492978849655,10.740922560804428,0.06805449728044287,0.28532201051712036,0.0,0.6664371276274323,10.0,0.7202802250721445,-0.7202802250721445
PPO_seed19,bias_positive,bias_positive_9,False,False,,2.048325632672852,2.867685737726073,2.9090262165563736,0.10715159966818145,8.65835252799954,0.1635665832590393,0.5695502161979675,0.0,1.5513182282447815,10.0,0.4775420499456183,-0.4775420499456183
PPO_seed42,bias_positive,bias_positive_9,False,False,,0.0,5.407382075082575,5.33113143953896,-0.12542718706404243,10.232168104640518,0.08264236495613052,0.3312685191631317,0.0,0.8298786729574203,10.0,0.6559460126187237,-0.6559460126187237
PPO_seed61,bias_positive,bias_positive_9,False,False,,0.0,7.523983879182667,7.513423449060499,-0.014559013242917956,13.653663125797191,0.04869557267192783,0.13002154231071472,0.0,0.2569509521126747,10.0,1.160905193661412,-1.160905193661412
PPO_seed83,bias_positive,bias_positive_9,False,False,,0.568954907801565,3.811032524486686,3.849690109875019,0.07489370861492403,8.78848667913463,0.17372425780888442,0.6330696940422058,0.0,1.6962989419698715,10.0,0.4910083515800167,-0.4910083515800167
PD,bias_positive,bias_positive_10,True,False,4.26,4.376572131596994,0.7639316668521715,0.7639291294627509,2.5008752663045653e-05,8.719213687219796,2.27626649994757,2.0,0.026,6.423908148104847,10.0,0.5342804095961203,-0.5342804095961203
PID,bias_positive,bias_positive_10,True,False,4.26,4.60985102410369,0.8383788567454593,0.8313493562092956,-0.013945170480920642,8.735563920265891,2.2797719813105597,2.0,0.026,6.42249161263897,10.0,0.53658830858329,-0.53658830858329
PPO_seed7,bias_positive,bias_positive_10,False,False,,7.111359767550682,5.063723529346846,5.071949685900129,0.029867176744508325,13.386041180149675,0.20446086133129926,0.4528213143348694,0.0,1.2956567108631134,10.0,1.1305389746727943,-1.1305389746727943
PPO_seed19,bias_positive,bias_positive_10,False,False,,11.164739399013612,3.2602755238449737,3.205618591301166,-0.16375421646291635,12.068832023258883,0.447352943366872,0.7892531752586365,0.0,2.431717060506344,10.0,0.940157223647257,-0.940157223647257
PPO_seed42,bias_positive,bias_positive_10,False,False,,11.061039544420277,4.992681599455174,5.144356827070558,0.26253105119199527,13.536737106461779,0.25759231970297986,0.502758800983429,0.0,1.5277949795126915,10.0,1.164430634894251,-1.164430634894251
PPO_seed61,bias_positive,bias_positive_10,False,False,,7.473509205170428,7.444685399210548,7.473509205170428,0.039967616733225506,14.903660245540298,0.1251034545737523,0.2525818347930908,0.0,0.7352417409420013,10.0,1.3902000318669447,-1.3902000318669447
PPO_seed83,bias_positive,bias_positive_10,False,False,,11.46209062466716,4.034744809628612,3.9706366159316757,-0.13252552159247058,11.951211247336705,0.527870503779908,0.9574795961380005,0.0,2.8400938771665096,10.0,0.9257943779546677,-0.9257943779546677
PD,bias_positive,bias_positive_11,True,False,4.44,3.647001489970018,0.7639527196254017,0.763964583147615,-2.7248706569604438e-05,12.404837976260511,2.943711590200808,2.0,0.042,6.781480765623134,10.0,1.0457262551167703,-1.0457262551167703
PID,bias_positive,bias_positive_11,True,False,4.48,3.9114960044563296,0.477542051999409,0.4735560260710173,-0.007983894308033715,12.398017705765461,2.9448205665695872,2.0,0.042,6.776369019545997,10.0,1.0453103042064875,-1.0453103042064875
PPO_seed7,bias_positive,bias_positive_11,False,False,,0.0,5.219090827670915,5.215044084615123,-0.02525969461768244,19.05400837439487,0.18303720988390754,0.6102030277252197,0.0,1.4488447606563568,10.0,2.2686113615704726,-2.2686113615704726
PPO_seed19,bias_positive,bias_positive_11,False,False,,5.935775829270474,2.73720461610666,2.7888028410040655,0.1738558065084464,16.056189733703537,0.516944656467204,1.0319886207580566,0.0,2.845708355307579,10.0,1.6407668678008809,-1.6407668678008809
PPO_seed42,bias_positive,bias_positive_11,False,False,,0.45683275948566665,5.608335303037971,5.451541528841928,-0.2777973720939812,18.216865792002405,0.23700482086426383,0.6565731763839722,0.0,1.6777394488453865,10.0,2.081832738115853,-2.081832738115853
PPO_seed61,bias_positive,bias_positive_11,False,False,,0.0,7.592402142924089,7.552946237843431,-0.056406441525467095,23.503899746832424,0.08742573713735675,0.360649436712265,0.0,0.7683240696787834,10.0,3.440520212904311,-3.440520212904311
PPO_seed83,bias_positive,bias_positive_11,False,False,,4.234383878559765,3.724401912672642,3.792461212377278,0.1450489357680347,15.732637476663834,0.5911547532084148,1.1996268033981323,0.0,3.239083081483841,10.0,1.5767570794160901,-1.5767570794160901
PD,bias_negative,bias_negative_0,True,False,2.88,0.5776731718362774,0.7639495574211757,-0.7639475172154986,9.273106846834361e-06,2.896677607844069,0.2618193510568528,1.1345439746007373,0.0,3.0593479353190896,10.0,0.060006060064376573,-0.060006060064376573
PID,bias_negative,bias_negative_0,True,False,2.88,0.7021420066434545,0.5724947717071245,-0.5676961601303644,0.009549395256798036,2.865293420855264,0.2629302266700585,1.1350753137701788,0.0,3.060195392000164,10.0,0.05898020611027047,-0.05898020611027047
PPO_seed7,bias_negative,bias_negative_0,False,False,,0.0,5.237524416879792,-5.230606680160485,0.011756125511792918,6.127464183372225,0.04824474784728816,0.08296222984790802,0.0,0.12399767339229584,10.0,0.23491671216075327,-0.23491671216075327
PPO_seed19,bias_negative,bias_negative_0,False,False,,0.0,3.8336986368660004,-3.8617542837051286,-0.053506463108631976,4.877127542286419,0.05763079317453938,0.1758788675069809,0.0,0.5375144109129906,10.0,0.15082670964004755,-0.15082670964004755
PPO_seed42,bias_negative,bias_negative_0,False,False,,0.0,5.055998698420842,-5.031736581686812,0.029605298787222775,5.753101661918076,0.04951608128304912,0.08907683193683624,0.0,0.24182552099227905,10.0,0.20781064263452595,-0.20781064263452595
PPO_seed61,bias_negative,bias_negative_0,False,False,,0.0,7.7893022390833515,-7.794172347331187,-0.007520777146892813,8.29618651976057,0.05167605227331139,0.08060625940561295,0.0,0.20773109793663025,10.0,0.4298537392070205,-0.4298537392070205
PPO_seed83,bias_negative,bias_negative_0,False,False,,0.3429764141372566,2.209144272896307,-2.2297719608535536,-0.03374866033745316,3.947880587394004,0.06351834511850998,0.2399129718542099,0.0,0.6961119547486305,10.0,0.10040358963279741,-0.10040358963279741
PD,bias_negative,bias_negative_1,True,False,4.4,5.18610066881398,0.7639313872074008,-0.7639243628993287,-2.9407879012945912e-05,11.348164710028685,3.00575229729325,2.0,0.034,6.948243346964283,10.0,0.8913740114636932,-0.8913740114636932
PID,bias_negative,bias_negative_1,True,False,4.38,5.449578251570984,0.8601733791282293,-0.8529558877190885,0.014304362471701821,11.364084738715173,3.009017123548071,2.0,0.034,6.945221727229867,10.0,0.8943326569768468,-0.8943326569768468
PPO_seed7,bias_negative,bias_negative_1,False,False,,7.6785638833539585,5.123260222805304,-5.133706775050627,-0.03738371603449365,16.61197580162059,0.25747131007682245,0.5257795453071594,0.0,1.5137562304735184,10.0,1.7392256399123684,-1.7392256399123684
PPO_seed19,bias_negative,bias_negative_1,False,False,,14.206602408388138,4.2001411637269666,-4.1324237146701055,0.20606585367202496,15.269470322039858,0.6308115621294399,0.9451196789741516,0.0,2.941225671209395,10.0,1.5040344128711705,-1.5040344128711705
PPO_seed42,bias_negative,bias_negative_1,False,False,,12.173062965599085,4.696995771759577,-4.883614313568062,-0.32243013936961396,16.575129725088512,0.33262461740909793,0.5836540460586548,0.0,1.7902022525668144,10.0,1.7437961334032257,-1.7437961334032257
PPO_seed61,bias_negative,bias_negative_1,False,False,,7.769455331098977,7.735399370442935,-7.769455331098977,-0.04705606964811114,18.578631609348793,0.14425523816781027,0.27745962142944336,0.0,0.8188709616661072,10.0,2.1583626015012807,-2.1583626015012807
PPO_seed83,bias_negative,bias_negative_1,False,False,,11.393278520834702,2.413158074189973,-2.335488635819124,0.15991939716349468,14.430968032497354,0.6909477703451604,1.0957399606704712,0.0,3.287760643288493,10.0,1.3459807031061017,-1.3459807031061017
PD,bias_negative,bias_negative_2,True,False,2.92,0.0,0.7639456302505153,-0.7639464421640827,4.3019615959604974e-06,1.9492986777430217,0.246067503786761,1.0469944785152985,0.0,2.426843392019026,10.0,0.026401952080645687,-0.026401952080645687
PID,bias_negative,bias_negative_2,True,False,2.92,0.0,0.5955552420688729,-0.5905662832295577,0.009928307417387516,1.9073369110546252,0.24706231341716808,1.0472621129050885,0.0,2.428740809676035,10.0,0.025433251855294017,-0.025433251855294017
PPO_seed7,bias_negative,bias_negative_2,False,False,,0.0,5.224473709005192,-5.227381708004496,-0.0019784209241250892,6.283443431695279,0.08724892602503297,0.223115935921669,0.0,0.3931489735841751,10.0,0.24735298174654186,-0.24735298174654186
PPO_seed19,bias_negative,bias_negative_2,False,False,,0.0,3.862802388616858,-3.8589678074729683,-0.006706128457220077,4.858426410538974,0.09533255743444141,0.26437515020370483,0.0,0.5360778123140335,10.0,0.1482971767533698,-0.1482971767533698
PPO_seed42,bias_negative,bias_negative_2,False,False,,0.0,5.1067828141931,-5.093377633468622,0.030944597785822404,6.102366869982781,0.0874581402155754,0.20828375220298767,0.0,0.3772532567381859,10.0,0.233431976644725,-0.233431976644725
PPO_seed61,bias_negative,bias_negative_2,False,False,,0.0,7.817719746564491,-7.812074999743836,0.008339459204035235,8.5803151171406,0.08313728887813532,0.19375988841056824,0.0,0.3140469714999199,10.0,0.4610268519122177,-0.4610268519122177
PPO_seed83,bias_negative,bias_negative_2,False,False,,0.0,2.2122630243013535,-2.21821224712731,-0.01790667179738525,3.6162598957711176,0.10503984768329111,0.33609896898269653,0.0,0.7102858014404774,10.0,0.08276112343124732,-0.08276112343124732
PD,bias_negative,bias_negative_3,True,False,4.16,3.966145005961051,0.7639314794219328,-0.7639321072745011,-2.2633387055620998e-05,7.195945192809438,1.7836163768918492,2.0,0.016,6.157538103220782,10.0,0.37020750480932213,-0.37020750480932213
PID,bias_negative,bias_negative_3,True,False,4.14,4.195461901968506,0.8365425749691402,-0.829532204373678,0.013916628879344865,7.2144039929575206,1.7880590092181288,2.0,0.016,6.157441120737488,10.0,0.37234990001846596,-0.37234990001846596
PPO_seed7,bias_negative,bias_negative_3,False,False,,7.001597672856497,5.1513697394696285,-5.161467313424549,-0.029357104136060776,11.268884029698818,0.16289309508330227,0.320833683013916,0.0,1.0028607994318008,10.0,0.8032395587297999,-0.8032395587297999
PPO_seed19,bias_negative,bias_negative_3,False,False,,11.269384788331319,4.104189909257722,-4.047013357859672,0.153777832170531,10.477221140216322,0.3485674507727901,0.6436473727226257,0.0,2.0718269422650337,10.0,0.711907561366078,-0.711907561366078
PPO_seed42,bias_negative,bias_negative_3,False,False,,10.184413915909918,4.831630763689206,-4.959580968920917,-0.21472299113434615,11.405839247322692,0.2009645951021239,0.3751257359981537,0.0,1.2252785935997963,10.0,0.829012834739311,-0.829012834739311
PPO_seed61,bias_negative,bias_negative_3,False,False,,7.782813365018104,7.7612611823560815,-7.782813365018104,-0.029620942604306012,12.496667457440878,0.11057305671363532,0.1498928964138031,0.0,0.4971243217587471,10.0,0.9790539906130693,-0.9790539906130693
PPO_seed83,bias_negative,bias_negative_3,False,False,,8.649543207755325,2.3517310768976407,-2.296456080191881,0.10864936426474424,9.656092420881292,0.3634736454537943,0.7238301038742065,0.0,2.2498425245285034,10.0,0.6060189858811071,-0.6060189858811071
PD,bias_negative,bias_negative_4,True,False,3.02,0.47168690728236384,0.7639479606134557,-0.7639486387121235,8.596124308472526e-06,3.2673244312510024,0.5730258566076435,1.7556735021577354,0.0,4.232766079146462,10.0,0.07497650429207219,-0.07497650429207219
PID,bias_negative,bias_negative_4,True,False,3.04,0.6297048589270189,0.5465116859791798,-0.5419338277520387,0.009115459833418198,3.233491629383716,0.5759444726033703,1.7561779938086604,0.0,4.236056328892779,10.0,0.07374428973624692,-0.07374428973624692
PPO_seed7,bias_negative,bias_negative_4,False,False,,0.0,5.235434338119748,-5.2378044538314645,0.0015669417127553238,7.9360009138633885,0.10228269829689016,0.32052159309387207,0.0,0.6278548315167427,10.0,0.3937564465319294,-0.3937564465319294
PPO_seed19,bias_negative,bias_negative_4,False,False,,0.0,3.825378970777087,-3.8289109550355174,-0.030614809539926176,6.245436467729531,0.13115007807757542,0.42125776410102844,0.0,0.9586667541880161,10.0,0.24539679729101804,-0.24539679729101804
PPO_seed42,bias_negative,bias_negative_4,False,False,,0.0,5.153617754930578,-5.11799431510881,0.0705658926375019,7.609960373096677,0.10485549822457495,0.31099799275398254,0.0,0.6382748037576675,10.0,0.3624756612500019,-0.3624756612500019
PPO_seed61,bias_negative,bias_negative_4,False,False,,0.0,7.830462533461998,-7.819129131959877,0.01644715768760084,10.594969809698528,0.09015542389573901,0.2587735056877136,0.0,0.46102040261030197,10.0,0.7014739935053972,-0.7014739935053972
PPO_seed83,bias_negative,bias_negative_4,False,False,,0.0,2.1899829814223186,-2.2051308209418727,-0.037555411219155066,5.253463931709966,0.15219702763193899,0.5164148807525635,0.0,1.1905877441167831,10.0,0.17499949446274232,-0.17499949446274232
PD,bias_negative,bias_negative_5,True,False,2.62,1.4199523596428392,0.763940829014106,-0.7639423859911902,-4.140454442253005e-06,1.1756558369758336,0.11576182479350902,0.27370007433072796,0.0,0.9361496671047114,10.0,0.010819754514687863,-0.010819754514687863
PID,bias_negative,bias_negative_5,True,False,2.64,1.4501453721624873,0.6859512065224119,-0.680205044247029,0.011425941297744992,1.1608418761423884,0.11591052107893285,0.2735809103193018,0.0,0.9365104950480005,10.0,0.010616856182020996,-0.010616856182020996
PPO_seed7,bias_negative,bias_negative_5,False,False,,5.916617720784917,5.202407182310188,-5.208377349532975,-0.011166285633312099,5.026967877677708,0.08903733606077854,0.13368797302246094,0.0,0.1919216811656952,10.0,0.16060924551071035,-0.16060924551071035
PPO_seed19,bias_negative,bias_negative_5,False,False,,6.1523864900687,3.934464184991001,-3.911171867474495,0.044844972539239976,4.206634907949434,0.09674271494057111,0.1704098880290985,0.0,0.3060858668759465,10.0,0.1140113170596774,-0.1140113170596774
PPO_seed42,bias_negative,bias_negative_5,False,False,,6.888218018041107,5.0347513040413086,-5.0625664587945165,-0.03838803445247551,5.211182728115959,0.09096082875761205,0.1432485729455948,0.0,0.22280844300985336,10.0,0.17300559525229348,-0.17300559525229348
PPO_seed61,bias_negative,bias_negative_5,False,False,,7.804259834374843,7.802554149189846,-7.804259834374843,-0.0019032513828298432,6.5743771508814355,0.08767052750839806,0.12443459779024124,0.0,0.1688106432557106,10.0,0.2728716407081736,-0.2728716407081736
PPO_seed83,bias_negative,bias_negative_5,False,False,,4.073238915115435,2.2518483765370716,-2.23874049352782,0.01965642856251305,2.6439027905900456,0.09474270060835441,0.16803130507469177,0.0,0.2901906222105026,10.0,0.046189820184064534,-0.046189820184064534
PD,bias_negative,bias_negative_6,True,False,2.66,0.09112447623091616,0.7639474873857723,-0.7639453869058812,5.3041410430682485e-06,1.6552100543989172,0.08869520031549637,0.42955100830963555,0.0,1.333736649166856,10.0,0.019909434401946147,-0.019909434401946147
PID,bias_negative,bias_negative_6,True,False,2.66,0.15191003887660995,0.6201236866902078,-0.614925631070361,0.010339021104554225,1.6167576004233244,0.08872210784399187,0.42986271174040985,0.0,1.3331226031981351,10.0,0.019148643795931442,-0.019148643795931442
PPO_seed7,bias_negative,bias_negative_6,False,False,,0.0,5.227079283108073,-5.220275280626323,0.008790511831556977,4.826301051933089,0.05708850405488569,0.08839704096317291,0.0,0.2691928669810295,10.0,0.14669673680402218,-0.14669673680402218
PPO_seed19,bias_negative,bias_negative_6,False,False,,0.0,3.8695766910279588,-3.892001517580646,-0.03212914264810367,3.8092248017533117,0.05629840556992376,0.1013479083776474,0.0,0.22718931548297405,10.0,0.09242477730429102,-0.09242477730429102
PPO_seed42,bias_negative,bias_negative_6,False,False,,0.0,5.006493549678862,-5.003925007854136,-0.01014238274669673,4.659281964354654,0.05556874241165104,0.09455879777669907,0.0,0.19189371168613434,10.0,0.1372211742450646,-0.1372211742450646
PPO_seed61,bias_negative,bias_negative_6,False,False,,0.0,7.776277215594357,-7.786975772407653,-0.01582223199030098,6.629440049376536,0.06181642402090851,0.14832410216331482,0.0,0.38842450827360153,10.0,0.2757847745293866,-0.2757847745293866
PPO_seed83,bias_negative,bias_negative_6,False,False,,0.1471458492535543,2.2312174181980637,-2.2434639974041897,-0.014998308405160086,2.5546533239110674,0.05488835576613706,0.09884126484394073,0.0,0.2944480627775192,10.0,0.04273788065140897,-0.04273788065140897
PD,bias_negative,bias_negative_7,True,False,4.26,4.2377599551151945,0.7639325576092988,-0.7639293978916871,-2.3859996059889896e-05,8.483770452171127,2.236389944180157,2.0,0.026,6.333141206203899,10.0,0.5051767894162357,-0.5051767894162357
PID,bias_negative,bias_negative_7,True,False,4.24,4.468162874647062,0.8378300799661057,-0.830804553096572,0.013937256181877758,8.500127188705976,2.240178535430125,2.0,0.026,6.332461894388392,10.0,0.5074207437743705,-0.5074207437743705
PPO_seed7,bias_negative,bias_negative_7,False,False,,7.111400279771974,5.145348843169754,-5.151326658811604,-0.026732352090599616,13.248778660918928,0.21307580955125857,0.4938660264015198,0.0,1.3653954565525055,10.0,1.1072046874335153,-1.1072046874335153
PPO_seed19,bias_negative,bias_negative_7,False,False,,11.818183928198357,4.1305027514537835,-4.082275371859644,0.15535029285572577,12.133403533698935,0.46265466020442597,0.8237287402153015,0.0,2.4818111434578896,10.0,0.9495700603636075,-0.9495700603636075
PPO_seed42,bias_negative,bias_negative_7,False,False,,10.511394698455618,4.754404030295019,-4.901628782597369,-0.25938103363602744,13.316849805813424,0.2590509183309226,0.5260820388793945,0.0,1.5515332445502281,10.0,1.1257536398827004,-1.1257536398827004
PPO_seed61,bias_negative,bias_negative_7,False,False,,7.769313423908541,7.737821775789129,-7.769313423908541,-0.043998104480957645,14.807399124937584,0.13114206799399292,0.3072749674320221,0.0,0.8391002789139748,10.0,1.3726712443153972,-1.3726712443153972
PPO_seed83,bias_negative,bias_negative_7,False,False,,9.166887264102545,2.375137716766394,-2.317074172939993,0.1225692961902013,11.32565046900448,0.49341665007051155,0.9338809847831726,0.0,2.7259268946945667,10.0,0.8286640371681535,-0.8286640371681535
PD,bias_negative,bias_negative_8,True,False,2.68,0.04104093387945437,0.7639472904998587,-0.7639454230291274,5.132558761317095e-06,1.64660340056056,0.08972373058490173,0.46309200656488814,0.0,1.3684780670606982,10.0,0.019502525949870373,-0.019502525949870373
PID,bias_negative,bias_negative_8,True,False,2.68,0.10314041437740043,0.6192375638779698,-0.6140471853799454,0.010324056650202697,1.6074589474467271,0.0898011176489409,0.46339513158445234,0.0,1.3680155929934816,10.0,0.0187317466034153,-0.0187317466034153
PPO_seed7,bias_negative,bias_negative_8,False,False,,0.0,5.226651261313741,-5.2206226685415436,0.00787073045937047,4.885991455063508,0.05550417326518747,0.08714435249567032,0.0,0.22229664027690887,10.0,0.15005112487340008,-0.15005112487340008
PPO_seed19,bias_negative,bias_negative_8,False,False,,0.0,3.869838488273265,-3.890026207547682,-0.029605359552630467,3.8320647966019754,0.05478337110944121,0.09848085045814514,0.0,0.2220289334654808,10.0,0.09314045316646842,-0.09314045316646842
PPO_seed42,bias_negative,bias_negative_8,False,False,,0.0,5.013445979612006,-5.010481453968801,-0.007717041887067823,4.703469312629047,0.054324306061824534,0.09254851192235947,0.0,0.15458181500434875,10.0,0.1394455064326408,-0.1394455064326408
PPO_seed61,bias_negative,bias_negative_8,False,False,,0.0,7.779243800229636,-7.788783380566426,-0.014103839722153906,6.727330902815729,0.05968063346936523,0.1229867935180664,0.0,0.33659548312425613,10.0,0.28374043522591447,-0.28374043522591447
PPO_seed83,bias_negative,bias_negative_8,False,False,,0.0,2.2301935787217526,-2.241744369303633,-0.014807680043959466,2.5671119711425514,0.05387563657557131,0.09647570550441742,0.0,0.2973504811525345,10.0,0.042778921553582754,-0.042778921553582754
PD,bias_negative,bias_negative_9,True,False,3.8000000000000003,2.723084235657648,0.7639359809173062,-0.7639368939951999,-1.3869523628078454e-05,4.2602253667574805,0.885249581218289,2.0,0.002,5.351056668871589,10.0,0.13218730793122005,-0.13218730793122005
PID,bias_negative,bias_negative_9,True,False,3.74,2.9033933048676093,0.8028103702814979,-0.7960835956533958,0.013363379525058226,4.279390043966097,0.8895895583745067,2.0,0.002,5.353518471441664,10.0,0.13347311077419247,-0.13347311077419247
PPO_seed7,bias_negative,bias_negative_9,False,False,,6.33997227582501,5.176272889423743,-5.181075774041771,-0.017083182869643707,7.748701064686022,0.11687059779394707,0.25020310282707214,0.0,0.7590986043214798,10.0,0.3803562393237789,-0.3803562393237789
PPO_seed19,bias_negative,bias_negative_9,False,False,,8.49780528013676,4.026292829128503,-3.993646584817372,0.0941020882200013,7.119142074925769,0.19990219693428096,0.44987753033638,0.0,1.423963226377964,10.0,0.32809732552869786,-0.32809732552869786
PPO_seed42,bias_negative,bias_negative_9,False,False,,8.272572358032564,4.892868839248117,-4.977254083958933,-0.14563030297579999,7.960286142897286,0.13269279809237486,0.27389538288116455,0.0,0.877244770526886,10.0,0.40366494633078154,-0.40366494633078154
PPO_seed61,bias_negative,bias_negative_9,False,False,,7.7838377392183675,7.765731848897408,-7.7838377392183675,-0.025292898963658286,8.724728903310092,0.09073748485188735,0.14363694190979004,0.0,0.45733586698770523,10.0,0.47855012615832226,-0.47855012615832226
PPO_seed83,bias_negative,bias_negative_9,False,False,,6.1232393985547615,2.310835591879868,-2.277648378931195,0.06749743645358351,6.193436203927997,0.19930497783815823,0.4869979918003082,0.0,1.4959851577877998,10.0,0.24920033134448813,-0.24920033134448813
PD,bias_negative,bias_negative_10,True,False,4.5200000000000005,3.4265009743254065,0.763945405210143,-0.7639656585581006,2.0644402730171427e-05,12.72077543969288,3.174436336850696,2.0,0.05,6.638407886774914,10.0,1.090318622168739,-1.090318622168739
PID,bias_negative,bias_negative_10,True,False,4.5600000000000005,3.6854278838751213,0.481371760979261,-0.47736263697962067,0.008040146849893176,12.713940658415519,3.175892490882059,2.0,0.05,6.634377414914779,10.0,1.0898366496447316,-1.0898366496447316
PPO_seed7,bias_negative,bias_negative_10,False,False,,0.0,5.2875142498850165,-5.295257600259847,0.010199490344187311,20.37081529875214,0.33842346336630275,0.8239099383354187,0.0,1.8575630858540535,10.0,2.595536661328546,-2.595536661328546
PPO_seed19,bias_negative,bias_negative_10,False,False,,4.432283215462526,3.6276845477104964,-3.648741618198829,-0.13386526847204233,17.056737756405884,0.6949849147180165,1.1757192611694336,0.0,3.0720674842596054,10.0,1.8452323951347345,-1.8452323951347345
PPO_seed42,bias_negative,bias_negative_10,False,False,,0.42475751162907344,5.4616173811526005,-5.303720147673423,0.3027263357910977,19.56947330406892,0.39018733473866307,0.8259139657020569,0.0,1.9945817291736603,10.0,2.4033643998327445,-2.4033643998327445
PPO_seed61,bias_negative,bias_negative_10,False,False,,0.0,7.943088533272552,-7.884838255161565,0.08466868641432887,25.377615399993427,0.2058039008505587,0.6083924770355225,0.0,1.2557033896446228,10.0,4.017260696041433,-4.017260696041433
PPO_seed83,bias_negative,bias_negative_10,False,False,,5.69241013909496,2.058696957122179,-2.118618485321688,-0.144119601027073,16.11412516422879,0.8472029513154071,1.4096044301986694,0.0,3.6362735629081726,10.0,1.6554972809542907,-1.6554972809542907
PD,bias_negative,bias_negative_11,True,False,4.54,5.294687860560189,0.7639410504401761,-0.7639202250110664,-2.30263276354392e-05,13.19094781754905,3.6205055305036202,2.0,0.048,7.019106140246186,10.0,1.1811756693386162,-1.1811756693386162
PID,bias_negative,bias_negative_11,True,False,4.5200000000000005,5.561790216844978,0.864083033008572,-0.8568176722324714,0.014377422631008335,13.204917229549709,3.6236447816491477,2.0,0.048,7.015561081118084,10.0,1.1842000974207876,-1.1842000974207876
PPO_seed7,bias_negative,bias_negative_11,False,False,,7.737456179862404,5.123176139355626,-5.120742154027319,-0.024067588718433647,19.649857757105963,0.43180900486306145,0.8440828323364258,0.0,2.158454477787018,10.0,2.4302390222121364,-2.4302390222121364
PPO_seed19,bias_negative,bias_negative_11,False,False,,14.475401881819257,4.217468303385233,-4.185085208990894,0.1753506035466373,17.667813331756786,0.9150589164384103,1.2191059589385986,0.0,3.5113850282505155,10.0,2.002127729807913,-2.002127729807913
PPO_seed42,bias_negative,bias_negative_11,False,False,,12.350554100053358,4.549326807818371,-4.756872865376685,-0.38885983875048774,19.612153400907832,0.5102745515371012,0.8418419361114502,0.0,2.318740613758564,10.0,2.433842793791161,-2.433842793791161
PPO_seed61,bias_negative,bias_negative_11,False,False,,7.738348494406831,7.6825502171722055,-7.738348494406831,-0.07878897367036818,22.33065638938864,0.24998071066526778,0.6145399808883667,0.0,1.4958327785134315,10.0,3.119621790391759,-3.119621790391759
PPO_seed83,bias_negative,bias_negative_11,False,False,,11.648031684062476,2.4456758836795323,-2.3735080836995244,0.17009064391750303,16.711389241885676,1.0177975831252202,1.4100092649459839,0.0,3.942166667431593,10.0,1.7943681967528742,-1.7943681967528742
PD,pulse_noise,pulse_noise_0,True,False,5.7,1.5917146156079691,0.007362788865207355,0.009939009565691473,-0.00340378508627821,2.530336133010561,0.3338938913620494,1.2973235475847273,0.0,4.105504229808796,10.0,0.04622813809771705,-0.04622813809771705
PID,pulse_noise,pulse_noise_0,True,False,5.7,1.6859123695620548,0.07362600678650003,0.07644354889528912,-0.0045730970151520054,2.537389554691863,0.3356665046869042,1.2977446592607529,0.0,4.1086327362550845,10.0,0.04654798437820151,-0.04654798437820151
PPO_seed7,pulse_noise,pulse_noise_0,True,False,8.52,4.526673154372641,0.18039491000171456,-0.14813867368993974,0.08427112001272571,4.590631396244383,0.04165139674264889,0.19367672502994537,0.0,0.8393003607634455,10.0,0.13358351756335352,-0.13358351756335352
PPO_seed19,pulse_noise,pulse_noise_0,False,False,,4.73705968720311,0.34107411374865315,-0.24443185737897213,0.07493549872725869,4.0614971124786585,0.06492529095332007,0.28841713070869446,0.0,1.1130679016932845,10.0,0.10609388488493769,-0.10609388488493769
PPO_seed42,pulse_noise,pulse_noise_0,False,False,,6.141667140588748,0.32342171366470995,-0.14391372157667712,0.34926123526317865,4.772356437821713,0.04779874856073486,0.20165443420410156,0.0,0.8377084480598569,10.0,0.1452249237385019,-0.1452249237385019
PPO_seed61,pulse_noise,pulse_noise_0,False,False,,2.847420267532241,0.22502739854247017,0.12853925885101902,-0.15465237841636043,5.046063812285473,0.02894616481306303,0.18432435393333435,0.0,0.6881822398863733,10.0,0.16021155222597255,-0.16021155222597255
PPO_seed83,pulse_noise,pulse_noise_0,False,False,,5.490640046869737,0.9412411943326376,0.9763879032008602,-0.009464330291104746,4.093123142687016,0.0783565442857471,0.3652707040309906,0.0,1.3203976014629006,10.0,0.10836036273771427,-0.10836036273771427
PD,pulse_noise,pulse_noise_1,True,False,6.0600000000000005,3.89114770309699,0.009721758074725775,-0.011819179281651911,-0.04170459747651258,9.920766561165381,2.45816899810716,2.0,0.03,7.228737248343015,10.0,0.6819568144295955,-0.6819568144295955
PID,pulse_noise,pulse_noise_1,True,False,6.08,4.147087558993346,0.21966899179026234,-0.21989008461552115,-0.038003146012945604,9.924806462252274,2.4620159081600845,2.0,0.03,7.226897523351647,10.0,0.6830652531910364,-0.6830652531910364
PPO_seed7,pulse_noise,pulse_noise_1,True,False,7.62,0.15376623188404573,0.14935040290418947,-0.1462301944942092,-0.026414137030740147,14.676705456490502,0.11187628709437399,0.5057090520858765,0.0,1.5059581487439573,10.0,1.3505779820643253,-1.3505779820643253
PPO_seed19,pulse_noise,pulse_noise_1,False,False,,8.76168511412589,0.7148005599422689,-0.5680780169377379,0.21491706928162235,12.960603277816988,0.3951357431897332,0.8825977444648743,0.0,2.7121344093466178,10.0,1.0798620247576682,-1.0798620247576682
PPO_seed42,pulse_noise,pulse_noise_1,True,False,8.88,3.5991227054515624,0.03145448827031138,-0.05686421432834638,-0.05577090986973396,14.097239490606675,0.15279850776487697,0.5519267320632935,0.0,1.5874852472916245,10.0,1.2539042188192944,-1.2539042188192944
PPO_seed61,pulse_noise,pulse_noise_1,False,False,,0.0,0.2297554649313913,0.07232852416891,-0.28868532632815075,17.485310781313046,0.03842280359547907,0.28950372338294983,0.0,1.0102310068905354,10.0,1.9053322441044755,-1.9053322441044755
PPO_seed83,pulse_noise,pulse_noise_1,False,False,,6.592559429554685,0.7041912026423116,0.8040232878941714,0.0937032791280586,12.652500968233113,0.4500042037153009,1.0118948221206665,0.0,3.074258125387132,10.0,1.029452146829605,-1.029452146829605
PD,pulse_noise,pulse_noise_2,True,False,5.92,1.5926791396311064,0.011074669434477472,0.014560996845837155,-0.045461327835638464,1.6367332617846628,0.260543544851853,1.0725075690947603,0.0,3.362247782067897,10.0,0.01984630529964952,-0.01984630529964952
PID,pulse_noise,pulse_noise_2,True,False,5.92,1.6592146600329472,0.05241967791368675,0.055516454885087295,-0.0463131217856294,1.6427088194659814,0.26168121917822706,1.0727144607862136,0.0,3.364633068285966,10.0,0.02001076789143473,-0.02001076789143473
PPO_seed7,pulse_noise,pulse_noise_2,True,False,8.52,4.239487878204817,0.18031853140526158,-0.1427730593845433,0.057475490667544184,4.006864634477129,0.06697219401146894,0.2854539155960083,0.0,1.013154301326722,10.0,0.10342090278231703,-0.10342090278231703
PPO_seed19,pulse_noise,pulse_noise_2,False,False,,4.885299273864493,0.3721568505421363,-0.2394254437669816,0.09572849081864718,3.6347223428694835,0.08749887466520193,0.30119627714157104,0.0,1.1111746379174292,10.0,0.08624633398588268,-0.08624633398588268
PPO_seed42,pulse_noise,pulse_noise_2,False,False,,5.871963308351829,0.35776621729077746,-0.17524906059616627,0.3310091605811042,4.386107835286808,0.0706173174484579,0.25459641218185425,0.0,0.9348763236775994,10.0,0.12441627364549157,-0.12441627364549157
PPO_seed61,pulse_noise,pulse_noise_2,False,False,,2.5819650069056426,0.20435024494474352,0.1206336844900891,-0.17063779279037336,4.344348617710012,0.053780341658956766,0.2720755338668823,0.0,0.9554953728802502,10.0,0.12057265581919077,-0.12057265581919077
PPO_seed83,pulse_noise,pulse_noise_2,False,False,,5.636620471132102,0.9325542026911747,0.9923661106146785,-0.012748512314566317,3.519462379919474,0.10093234532294451,0.376897394657135,0.0,1.3027069196105003,10.0,0.08107278049370925,-0.08107278049370925
PD,pulse_noise,pulse_noise_3,True,False,5.94,4.463707473563931,0.0109884516962475,-0.012673785518801196,0.021546345080989092,12.313606672080363,3.102807800509958,2.0,0.04,7.5900157062088125,10.0,1.0353053633448361,-1.0353053633448361
PID,pulse_noise,pulse_noise_3,True,False,5.96,4.736608895352877,0.2263623208547151,-0.23198926405836243,0.025289965790181255,12.317966876317552,3.1060163004612664,2.0,0.04,7.586742524739179,10.0,1.0366924377137436,-1.0366924377137436
PPO_seed7,pulse_noise,pulse_noise_3,True,False,7.48,0.11357933719312971,0.07848575520183688,-0.08121413944656042,0.013184678454469271,17.9454864696735,0.17156648161391616,0.6328374147415161,0.0,1.7674789726734161,10.0,2.017969767655661,-2.017969767655661
PPO_seed19,pulse_noise,pulse_noise_3,False,False,,10.053029408405031,0.7066520259358205,-0.5705735399313432,0.26620713561069753,15.76727467487605,0.5607152559584443,1.0481772422790527,0.0,3.1388930092798546,10.0,1.5935098458963122,-1.5935098458963122
PPO_seed42,pulse_noise,pulse_noise_3,True,False,8.5,3.8017012522547615,0.1143421224683785,0.0494492888299184,-0.07237165100075886,17.263503823448925,0.22843639427210913,0.6737317442893982,0.0,1.8688020715489984,10.0,1.8780668315310607,-1.8780668315310607
PPO_seed61,pulse_noise,pulse_noise_3,False,False,,0.0,0.33119573561543786,0.15524550890935682,-0.2615913089540172,21.400435361288416,0.06251030912111219,0.38537946343421936,0.0,1.2057911246083677,10.0,2.8542738066171434,-2.8542738066171434
PPO_seed83,pulse_noise,pulse_noise_3,False,False,,7.872196359393525,0.7222656240246093,0.8186292459994728,0.1477812912388365,15.333442706527384,0.6505520151706715,1.2171111106872559,0.0,3.593185312114656,10.0,1.5087416146203294,-1.5087416146203294
PD,pulse_noise,pulse_noise_4,True,False,6.0600000000000005,1.6441705342084094,0.015560834785424898,-0.004578674658941274,-0.07913301069474438,0.9636500535293738,0.062487273018762175,0.3155921412836735,0.0,1.6498833463619735,10.0,0.0074385646548989675,-0.0074385646548989675
PID,pulse_noise,pulse_noise_4,True,False,6.0600000000000005,1.6680263094323042,0.016387208803734937,-0.003784068466820871,-0.07939053185291688,0.9681643118549039,0.06263176987313301,0.3158332445308548,0.0,1.6505818492097832,10.0,0.007506492114853563,-0.007506492114853563
PPO_seed7,pulse_noise,pulse_noise_4,True,False,8.34,4.430905177536678,0.08626752449039701,-0.07610642999651696,-0.04125543444045194,2.138099545428723,0.02479291806411146,0.17037738859653473,0.0,0.5084228317718953,10.0,0.030123226879388766,-0.030123226879388766
PPO_seed19,pulse_noise,pulse_noise_4,False,False,,3.5804183273136503,0.3146599389016793,-0.25440264754467484,-0.05451139367786331,1.7262775080511548,0.026572698760270713,0.15396590530872345,0.0,0.5234288955107331,10.0,0.02045120062198792,-0.02045120062198792
PPO_seed42,pulse_noise,pulse_noise_4,False,False,,5.196653420122484,0.13665384176954712,-0.012435247599666894,0.1525200383964594,2.471839634640038,0.02389175340670705,0.14920468628406525,0.0,0.4425877407193184,10.0,0.040165464323842125,-0.040165464323842125
PPO_seed61,pulse_noise,pulse_noise_4,False,False,,4.312476654571559,0.35537071915131274,0.22404451612891252,-0.28955821227061534,2.313485150008641,0.02422750654986353,0.17331337928771973,0.0,0.5840904687065631,10.0,0.034800644729270275,-0.034800644729270275
PPO_seed83,pulse_noise,pulse_noise_4,False,False,,4.59447500579592,0.969831419361203,0.9788844341023104,-0.1273416219570511,2.237545270149842,0.02850698378676324,0.16782668232917786,0.0,0.6241208240389824,10.0,0.03335562212498267,-0.03335562212498267
PD,pulse_noise,pulse_noise_5,True,False,5.16,4.444365655909658,0.005647185129001596,-0.004886735644709482,0.03190948490279683,11.74929155033324,2.9297625425744775,2.0,0.036,7.5575107871948894,10.0,0.9483487125187156,-0.9483487125187156
PID,pulse_noise,pulse_noise_5,True,False,6.22,4.715944756666802,0.22435370531189386,-0.2218304138380005,0.03565180546199828,11.753971575563268,2.9330544592310823,2.0,0.036,7.553987271170974,10.0,0.9497451570448731,-0.9497451570448731
PPO_seed7,pulse_noise,pulse_noise_5,True,False,7.5600000000000005,0.1651814899816614,0.1398247043594276,-0.12119655697094586,0.06867138639451485,16.947448550907804,0.13316848132596143,0.5458089113235474,0.0,1.6097239730879664,10.0,1.8007017166506065,-1.8007017166506065
PPO_seed19,pulse_noise,pulse_noise_5,False,False,,10.123814454051741,0.7341900550624356,-0.5651463759058826,0.3301439819367207,15.018250037371253,0.49467075473331173,0.9699712991714478,0.0,3.006069302558899,10.0,1.4492074591280901,-1.4492074591280901
PPO_seed42,pulse_noise,pulse_noise_5,True,False,8.74,4.413743161626389,0.02414240874174784,-0.016152085179403985,0.011923131600601357,16.280352321484276,0.1895529960477705,0.602420449256897,0.0,1.7397599993273616,10.0,1.6724601508125414,-1.6724601508125414
PPO_seed61,pulse_noise,pulse_noise_5,False,False,,0.0,0.21593840986846516,0.07147346069824705,-0.19194269042095116,20.113483411700347,0.04066793257873025,0.29514452815055847,0.0,1.03487503901124,10.0,2.5208664325980132,-2.5208664325980132
PPO_seed83,pulse_noise,pulse_noise_5,False,False,,7.878110997486241,0.7019917184170115,0.8224355307198591,0.19763772963810572,14.629706519022635,0.572264629050799,1.1265004873275757,0.0,3.432170331478119,10.0,1.3764928812486366,-1.3764928812486366
PD,pulse_noise,pulse_noise_6,True,False,5.16,4.31883138439449,0.01100913705500416,-0.024895410852016815,-0.023816115656649962,11.152604043853657,2.729774122463716,2.0,0.034,7.5685816576374565,10.0,0.8589680825637882,-0.8589680825637882
PID,pulse_noise,pulse_noise_6,True,False,5.18,4.579205662817368,0.16084749773052656,0.13938122311231715,-0.026522437306392137,11.16176062119752,2.73157344356073,2.0,0.034,7.563055573894103,10.0,0.8608882720218985,-0.8608882720218985
PPO_seed7,pulse_noise,pulse_noise_6,True,False,8.48,6.225902400705921,0.2192745075365992,-0.22851248781365963,-0.00875356060341296,16.250173526649913,0.15982768822978627,0.47638118267059326,0.0,1.6055148048326373,10.0,1.659081346923299,-1.659081346923299
PPO_seed19,pulse_noise,pulse_noise_6,False,False,,9.509040090324422,0.1154611830560914,-0.12701799571504332,-0.20136590201701107,14.528182929965404,0.4573363748986698,0.8903753161430359,0.0,2.779860291397199,10.0,1.3538511117862932,-1.3538511117862932
PPO_seed42,pulse_noise,pulse_noise_6,False,False,,10.63980262153897,0.5062428972077893,-0.2582302982063232,0.41982339843539235,15.951413032032757,0.23039970094587994,0.5492322444915771,0.0,1.8207185873761773,10.0,1.6098568599828194,-1.6098568599828194
PPO_seed61,pulse_noise,pulse_noise_6,False,False,,1.274225000644466,0.23839348383171158,0.11002508447445994,-0.24899590706285663,18.576639959915077,0.06427072709608045,0.23057472705841064,0.0,0.9631717535667121,10.0,2.153073334813512,-2.153073334813512
PPO_seed83,pulse_noise,pulse_noise_6,False,False,,9.562194041046519,1.0719341123392296,0.9977152787911412,-0.24179819061629634,14.154789785888166,0.5554647968001606,1.0893110036849976,0.0,3.263587740249932,10.0,1.29170224153525,-1.29170224153525
PD,pulse_noise,pulse_noise_7,True,False,6.1000000000000005,4.625953891926298,0.010195455924593992,-0.019327488707291507,-0.0007632003892420063,13.273859018168446,3.3755725614520213,2.0,0.046,7.688343927961511,10.0,1.1957011314111212,-1.1957011314111212
PID,pulse_noise,pulse_noise_7,True,False,6.140000000000001,4.893314375010089,0.2206591329634811,-0.2333948237056538,0.0029390144672789757,13.278175217261257,3.3779235207073977,2.0,0.046,7.684311562614477,10.0,1.1971282951761808,-1.1971282951761808
PPO_seed7,pulse_noise,pulse_noise_7,True,False,7.140000000000001,0.10437189546242938,0.0738057829563248,-0.08537773740200409,-0.02407037576186172,19.352923681463878,0.2180714940697762,0.7128592729568481,0.0,1.9273574140388519,10.0,2.3465492875500717,-2.3465492875500717
PPO_seed19,pulse_noise,pulse_noise_7,False,False,,10.396947405857247,0.7208570533587616,-0.606532840305276,0.22077933990246706,16.928557952762176,0.6534994827921932,1.1302881240844727,0.0,3.3246040055237245,10.0,1.8340833326465373,-1.8340833326465373
PPO_seed42,pulse_noise,pulse_noise_7,False,False,,3.572356866917487,0.16525239093530764,0.07551385562489775,-0.14398334488201886,18.650782694440434,0.2792194954253895,0.7428871393203735,0.0,2.012221689801663,10.0,2.1906956799744934,-2.1906956799744934
PPO_seed61,pulse_noise,pulse_noise_7,False,False,,0.0,0.3488147019832349,0.15546150528684544,-0.3086659409779057,23.128588785223382,0.08834502775859628,0.4600098729133606,0.0,1.357975546270609,10.0,3.334683054460849,-3.334683054460849
PPO_seed83,pulse_noise,pulse_noise_7,False,False,,8.27452811441882,0.7052387816200371,0.7891694527727532,0.11590565879464806,16.42642239193614,0.7620820634106511,1.3159034252166748,0.0,3.817664770409465,10.0,1.7293011745509892,-1.7293011745509892
PD,pulse_noise,pulse_noise_8,True,False,5.18,1.6031036888561156,0.008182078736929329,-0.011357478750281124,0.002411640506611843,1.743110586530763,0.12172479241564971,0.571343035064714,0.0,2.5728099380736906,10.0,0.023133498930211983,-0.023133498930211983
PID,pulse_noise,pulse_noise_8,True,False,5.18,1.6559263019121513,0.02120182037692222,0.017875286081200537,0.002090446355582387,1.7493102676127428,0.12211071071486362,0.5716857345507775,0.0,2.573581268236099,10.0,0.023312405562141807,-0.023312405562141807
PPO_seed7,pulse_noise,pulse_noise_8,True,False,8.32,4.541364296736256,0.24565357131367063,-0.22464620268630092,0.06312496663459587,2.8534978279164607,0.028839514155386874,0.17354193329811096,0.0,0.5176119168754667,10.0,0.05313289230590347,-0.05313289230590347
PPO_seed19,pulse_noise,pulse_noise_8,False,False,,3.663985619326327,0.4143755974610143,-0.3475554476846816,0.045429393107810766,2.508533376988898,0.033228902348028264,0.15336066484451294,0.0,0.6681419785600156,10.0,0.04242444007234552,-0.04242444007234552
PPO_seed42,pulse_noise,pulse_noise_8,False,False,,5.507401146114879,0.3084866228342646,-0.1647351418563756,0.27417692352978856,3.161442674341937,0.02914107936183507,0.15423192083835602,0.0,0.4714417979121208,10.0,0.06551458509726349,-0.06551458509726349
PPO_seed61,pulse_noise,pulse_noise_8,False,False,,4.0323982283139035,0.1655708163573034,0.03818307379097661,-0.20198816939415284,2.9874860557480223,0.028458024131008383,0.17517396807670593,0.0,0.6183108896948397,10.0,0.057467567841730544,-0.057467567841730544
PPO_seed83,pulse_noise,pulse_noise_8,False,False,,4.62313296318228,0.8723039300481815,0.8923652560256131,-0.01970713973575453,2.8686630768869894,0.036843688709123405,0.16472242772579193,0.0,0.8096979549154639,10.0,0.055033361453709254,-0.055033361453709254
PD,pulse_noise,pulse_noise_9,True,False,5.96,2.350796007008133,0.010295648883621403,-0.019602438593592595,0.007598293976996821,6.05237718920244,1.579460151678861,2.0,0.02,6.277004151131034,10.0,0.2578616231398451,-0.2578616231398451
PID,pulse_noise,pulse_noise_9,True,False,5.98,2.5556632773515777,0.18662142434934478,-0.19443952663386238,0.010704905909344161,6.053247903240922,1.5837509845301423,2.0,0.02,6.277950984286594,10.0,0.25826084938199984,-0.25826084938199984
PPO_seed7,pulse_noise,pulse_noise_9,True,False,7.74,0.11895158923084993,0.10978072216613022,-0.11895158923084993,-0.00888206546391867,10.550201213722485,0.14025348608918511,0.5675499439239502,0.0,1.5616463674232364,10.0,0.698981049598668,-0.698981049598668
PPO_seed19,pulse_noise,pulse_noise_9,False,False,,5.142860498550483,0.5645364093676971,-0.48825924035516516,0.11550562541812916,8.971471543470901,0.2861984843029432,0.7721696496009827,0.0,2.1782453731284477,10.0,0.5162099601312613,-0.5162099601312613
PPO_seed42,pulse_noise,pulse_noise_9,True,False,7.8,0.28145662221231843,0.016573416283178627,0.012669162249682163,0.0027153241400233088,10.25779610356211,0.14774881299672007,0.548218846321106,0.0,1.4593529417179525,10.0,0.6634618656733196,-0.6634618656733196
PPO_seed61,pulse_noise,pulse_noise_9,False,False,,0.0,0.3376674490453992,0.15782453829310777,-0.28985737535499106,12.856806729601773,0.09090546935512432,0.4606311023235321,0.0,1.3274563690647483,10.0,1.0331613991140658,-1.0331613991140658
PPO_seed83,pulse_noise,pulse_noise_9,False,False,,3.4127541876227427,0.7955628086812311,0.8365209160608889,0.033248507150533166,8.798279330932047,0.3125351435153216,0.8574972152709961,0.0,2.426123818382621,10.0,0.4958653010404668,-0.4958653010404668
PD,pulse_noise,pulse_noise_10,True,False,5.2,4.458717549281607,0.01996005849736169,-0.03183776622369465,0.000232960821523239,12.86744211794767,3.279434559549413,2.0,0.046,7.626123383778542,10.0,1.1232270337347174,-1.1232270337347174
PID,pulse_noise,pulse_noise_10,True,False,5.2,4.724049379790432,0.15045732668071427,0.13730028768665528,-0.0022618779189833263,12.87568323237631,3.2811377397851884,2.0,0.046,7.619693719045624,10.0,1.1252260947023138,-1.1252260947023138
PPO_seed7,pulse_noise,pulse_noise_10,True,False,8.94,6.150654935084362,0.3486316296470329,-0.36128651473759527,0.02511323460137448,19.210975760370125,0.3074910350541675,0.7473753690719604,0.0,2.1569072189740837,10.0,2.3167811996796708,-2.3167811996796708
PPO_seed19,pulse_noise,pulse_noise_10,False,False,,10.76107181857717,0.20818057889813937,-0.16976889245939125,-0.10695628593012223,16.910683723080037,0.7069663075227267,1.1331322193145752,0.0,3.289285278879106,10.0,1.8256170835937242,-1.8256170835937242
PPO_seed42,pulse_noise,pulse_noise_10,False,False,,11.174576717494608,0.7832638187681382,-0.5045816766742356,0.5357295170187192,18.919122972432273,0.3899431508681384,0.7708512544631958,0.0,2.290570450015366,10.0,2.259086110644128,-2.259086110644128
PPO_seed61,pulse_noise,pulse_noise_10,False,False,,0.6666611156352173,0.07545027065518004,-0.04925880663786183,-0.1986501414979728,22.275081578009203,0.1503296403018469,0.5084705352783203,0.0,1.5304512954317033,10.0,3.098016588203677,-3.098016588203677
PPO_seed83,pulse_noise,pulse_noise_10,False,False,,10.499185696815337,1.0054416404632112,0.9569159084823197,-0.1837340268759541,16.2912925730505,0.849996148468573,1.3674968481063843,0.0,3.8344308817759156,10.0,1.7021877016205453,-1.7021877016205453
PD,pulse_noise,pulse_noise_11,True,False,5.66,3.2773167284123215,0.014451114596665458,0.0062476307687012005,-0.07209717588049426,8.770108145374142,2.3103787318439286,2.0,0.032,6.8357754608762225,10.0,0.5313974667920022,-0.5313974667920022
PID,pulse_noise,pulse_noise_11,True,False,5.66,3.514146076313301,0.18235831216783432,-0.18893866127394157,-0.06905600767238797,8.772987833271445,2.314654261492893,2.0,0.032,6.835075152067077,10.0,0.532206547238996,-0.532206547238996
PPO_seed7,pulse_noise,pulse_noise_11,True,False,7.88,0.21663379753305148,0.14217400542105696,-0.09739380214659923,0.024609528177084082,14.064536017989724,0.19147794041653288,0.6703762412071228,0.0,1.7938428677152842,10.0,1.2407736854229718,-1.2407736854229718
PPO_seed19,pulse_noise,pulse_noise_11,False,False,,7.1630142133179895,0.6526627049279746,-0.49991028002365623,0.20582489244458102,12.11402168639459,0.4411194058330931,0.957351803779602,0.0,2.705031828721985,10.0,0.9396996144793381,-0.9396996144793381
PPO_seed42,pulse_noise,pulse_noise_11,True,False,8.28,1.3874079666956498,0.03261395908102145,0.05612662007196035,0.0007197750867325672,13.636178310226718,0.21414411127499258,0.6644150018692017,0.0,1.7282715328037739,10.0,1.1714927432995974,-1.1714927432995974
PPO_seed61,pulse_noise,pulse_noise_11,False,False,,0.0,0.2721758205978873,0.13562358009119027,-0.26578277269722905,16.974857766354358,0.10847172203929134,0.5131085515022278,0.0,1.4455219530500472,10.0,1.7989048854604908,-1.7989048854604908
PPO_seed83,pulse_noise,pulse_noise_11,False,False,,5.278366193165691,0.7417019089727191,0.8588241918582242,0.10344544347610578,11.790269970237073,0.49416551421156896,1.0822874307632446,0.0,3.0418680272996426,10.0,0.8902266828059605,-0.8902266828059605
